Running: gcovr -r /home/shohem/Documents/dev/zephyr-course/app/modules/ring_buf --gcov-ignore-parse-errors=negative_hits.warn_once_per_file --gcov-executable gcov -e tests/* -e .*generated.* -e .*/tests/.* -e .*/samples/.* --exclude-branches-by-pattern (^\s*LOG_(?:HEXDUMP_)?(?:DBG|INF|WRN|ERR)\(.*)|(^\s*__ASSERT(?:_EVAL|_NO_MSG|_POST_ACTION)?\(.*) -v --merge-mode-functions=separate --json -o /home/shohem/Documents/dev/zephyr-course/twister-out/coverage.json /home/shohem/Documents/dev/zephyr-course/twister-out
(DEBUG) gcovr version 8.6
(DEBUG) File system is case sensitive.
(DEBUG) Filters for --filter: (1)
(DEBUG)  - DirectoryPrefixFilter(/home/shohem/Documents/dev/zephyr\-course/app/modules/ring_buf/)
(DEBUG) Filters for --exclude: (4)
(DEBUG)  - RelativeFilter(tests/* root=/home/shohem/Documents/dev/zephyr-course)
(DEBUG)  - RelativeFilter(.*generated.* root=/home/shohem/Documents/dev/zephyr-course)
(DEBUG)  - RelativeFilter(.*/tests/.* root=/home/shohem/Documents/dev/zephyr-course)
(DEBUG)  - RelativeFilter(.*/samples/.* root=/home/shohem/Documents/dev/zephyr-course)
(DEBUG) Filters for --include: (0)
(DEBUG) Filters for --gcov-filter: (1)
(DEBUG)  - AlwaysMatchFilter()
(DEBUG) Filters for --gcov-exclude: (0)
(DEBUG) Filters for --exclude-directory: (0)
(DEBUG) Filters for --trace-include: (0)
(DEBUG) Filters for --trace-exclude: (0)
(DEBUG) Patterns for --exclude-function: (0)
(DEBUG) Patterns for --exclude-lines-by-pattern: (0)
(DEBUG) Patterns for --exclude-branches-by-pattern: (1)
(DEBUG)  - re.compile('(^\\s*LOG_(?:HEXDUMP_)?(?:DBG|INF|WRN|ERR)\\(.*)|(^\\s*__ASSERT(?:_EVAL|_NO_MSG|_POST_ACTION)?\\(.*)')
(INFO) Reading coverage data...
(DEBUG) Scanning directory twister-out for gcda/gcno files...
(DEBUG) Found 176 files (and will process 99)
(DEBUG) Using 1 workers.
(DEBUG) Pool started with 1 threads
(DEBUG) Check if /home/shohem/Documents/dev/zephyr-course/twister-out/native_sim_native/host/homework.unit.ring_buf/CMakeFiles/app.dir/home/shohem/Documents/dev/zephyr-course/app/modules/ring_buf/src/ring_buf.c.gcda is included (trace)...
(DEBUG)   No filter matched.
(DEBUG) --> File is excluded.
(DEBUG) GCOV capabilities: JSON format available.
(DEBUG) GCOV capabilities: Condition coverage available.
(DEBUG) GCOV capabilities: Demangled names available.
(DEBUG) GCOV capabilities: Hashing of filenames available.
(DEBUG) Check if /home/shohem/Documents/dev/zephyr-course/twister-out/native_sim_native/host/homework.unit.ring_buf/CMakeFiles/app.dir/home/shohem/Documents/dev/zephyr-course/app/modules/ring_buf/src/ring_buf.c.gcda is included (trace)...
(DEBUG) --> File is excluded.
(DEBUG) Check if ring_buf.c##0d2dc7d1050ace2dbc0018f1e5266679.gcov.json.gz is included (gcov file)...
(DEBUG)   Filter AlwaysMatchFilter() matched.
(DEBUG) --> File is included.
(DEBUG) Check if /home/shohem/Documents/dev/zephyr-course/app/modules/ring_buf/ring_buf.c##0d2dc7d1050ace2dbc0018f1e5266679.gcov.json.gz is included (trace)...
(DEBUG)   No filter matched.
(DEBUG) --> File is excluded.
(DEBUG) Check if /home/shohem/Documents/dev/zephyr-course/app/modules/ring_buf/src/ring_buf.c is included (source file)...
(DEBUG)   Filter DirectoryPrefixFilter(/home/shohem/Documents/dev/zephyr\-course/app/modules/ring_buf/) matched for path /home/shohem/Documents/dev/zephyr-course/app/modules/ring_buf/src/ring_buf.c.
(DEBUG) Check for exclusion...
(DEBUG)   No filter matched.
(DEBUG) --> File is included.
(DEBUG) Parsing coverage data for file /home/shohem/Documents/dev/zephyr-course/app/modules/ring_buf/src/ring_buf.c
(DEBUG) Check if /home/shohem/Documents/dev/zephyr-course/app/modules/ring_buf/src/ring_buf.c is included (trace)...
(DEBUG)   No filter matched.
(DEBUG) --> File is excluded.
(DEBUG) Check if /home/shohem/Documents/dev/deps/zephyr/include/zephyr/logging/log_msg.h is included (source file)...
(DEBUG)   No filter matched.
(DEBUG) --> File is excluded.
(DEBUG) Check if /home/shohem/Documents/dev/zephyr-course/twister-out/native_sim_native/host/homework.unit.ring_buf/CMakeFiles/app.dir/src/test_ring_buf.c.gcda is included (trace)...
(DEBUG)   No filter matched.
(DEBUG) --> File is excluded.
(DEBUG) Check if /home/shohem/Documents/dev/zephyr-course/twister-out/native_sim_native/host/homework.unit.ring_buf/CMakeFiles/app.dir/src/test_ring_buf.c.gcda is included (trace)...
(DEBUG) --> File is excluded.
(DEBUG) Check if test_ring_buf.c##ab41f1bdbb61a1b3b9315414f6e2cced.gcov.json.gz is included (gcov file)...
(DEBUG)   Filter AlwaysMatchFilter() matched.
(DEBUG) --> File is included.
(DEBUG) Check if /home/shohem/Documents/dev/zephyr-course/app/modules/ring_buf/test_ring_buf.c##ab41f1bdbb61a1b3b9315414f6e2cced.gcov.json.gz is included (trace)...
(DEBUG)   No filter matched.
(DEBUG) --> File is excluded.
(DEBUG) Check if /home/shohem/Documents/dev/zephyr-course/tests/ring_buf/src/test_ring_buf.c is included (source file)...
(DEBUG)   No filter matched.
(DEBUG) --> File is excluded.
(DEBUG) Check if /home/shohem/Documents/dev/deps/zephyr/subsys/testsuite/ztest/include/zephyr/ztest_assert.h is included (source file)...
(DEBUG)   No filter matched.
(DEBUG) --> File is excluded.
(DEBUG) Check if /home/shohem/Documents/dev/zephyr-course/twister-out/native_sim_native/host/homework.unit.ring_buf/zephyr/CMakeFiles/offsets.dir/arch/posix/core/offsets/offsets.c.gcda is included (trace)...
(DEBUG)   No filter matched.
(DEBUG) --> File is excluded.
(DEBUG) Check if /home/shohem/Documents/dev/zephyr-course/twister-out/native_sim_native/host/homework.unit.ring_buf/zephyr/CMakeFiles/offsets.dir/arch/posix/core/offsets/offsets.c.gcda is included (trace)...
(DEBUG) --> File is excluded.
(DEBUG) Check if offsets.c##5f42d95c9ccbc3d424703adee612cf7f.gcov.json.gz is included (gcov file)...
(DEBUG)   Filter AlwaysMatchFilter() matched.
(DEBUG) --> File is included.
(DEBUG) Check if /home/shohem/Documents/dev/zephyr-course/app/modules/ring_buf/offsets.c##5f42d95c9ccbc3d424703adee612cf7f.gcov.json.gz is included (trace)...
(DEBUG)   No filter matched.
(DEBUG) --> File is excluded.
(DEBUG) Check if /home/shohem/Documents/dev/deps/zephyr/kernel/include/kernel_offsets.h is included (source file)...
(DEBUG)   No filter matched.
(DEBUG) --> File is excluded.
(DEBUG) Check if /home/shohem/Documents/dev/deps/zephyr/arch/posix/core/offsets/offsets.c is included (source file)...
(DEBUG)   No filter matched.
(DEBUG) --> File is excluded.
(DEBUG) Check if /home/shohem/Documents/dev/zephyr-course/twister-out/native_sim_native/host/homework.unit.ring_buf/zephyr/CMakeFiles/zephyr.dir/lib/heap/heap.c.gcda is included (trace)...
(DEBUG)   No filter matched.
(DEBUG) --> File is excluded.
(DEBUG) Check if /home/shohem/Documents/dev/zephyr-course/twister-out/native_sim_native/host/homework.unit.ring_buf/zephyr/CMakeFiles/zephyr.dir/lib/heap/heap.c.gcda is included (trace)...
(DEBUG) --> File is excluded.
(DEBUG) Check if heap.c##1cfab1036ddce7ec78dac67efc19c216.gcov.json.gz is included (gcov file)...
(DEBUG)   Filter AlwaysMatchFilter() matched.
(DEBUG) --> File is included.
(DEBUG) Check if /home/shohem/Documents/dev/zephyr-course/app/modules/ring_buf/heap.c##1cfab1036ddce7ec78dac67efc19c216.gcov.json.gz is included (trace)...
(DEBUG)   No filter matched.
(DEBUG) --> File is excluded.
(DEBUG) Check if /home/shohem/Documents/dev/deps/zephyr/lib/heap/heap.c is included (source file)...
(DEBUG)   No filter matched.
(DEBUG) --> File is excluded.
(DEBUG) Check if /home/shohem/Documents/dev/deps/zephyr/lib/heap/heap.h is included (source file)...
(DEBUG)   No filter matched.
(DEBUG) --> File is excluded.
(DEBUG) Check if /home/shohem/Documents/dev/zephyr-course/twister-out/native_sim_native/host/homework.unit.ring_buf/zephyr/CMakeFiles/zephyr.dir/lib/os/assert.c.gcda is included (trace)...
(DEBUG)   No filter matched.
(DEBUG) --> File is excluded.
(DEBUG) Check if /home/shohem/Documents/dev/zephyr-course/twister-out/native_sim_native/host/homework.unit.ring_buf/zephyr/CMakeFiles/zephyr.dir/lib/os/assert.c.gcda is included (trace)...
(DEBUG) --> File is excluded.
(DEBUG) Check if assert.c##87b41368e1b23ad47b5b74d7b6a01df5.gcov.json.gz is included (gcov file)...
(DEBUG)   Filter AlwaysMatchFilter() matched.
(DEBUG) --> File is included.
(DEBUG) Check if /home/shohem/Documents/dev/zephyr-course/app/modules/ring_buf/assert.c##87b41368e1b23ad47b5b74d7b6a01df5.gcov.json.gz is included (trace)...
(DEBUG)   No filter matched.
(DEBUG) --> File is excluded.
(DEBUG) Check if /home/shohem/Documents/dev/deps/zephyr/lib/os/assert.c is included (source file)...
(DEBUG)   No filter matched.
(DEBUG) --> File is excluded.
(DEBUG) Check if /home/shohem/Documents/dev/zephyr-course/twister-out/native_sim_native/host/homework.unit.ring_buf/zephyr/CMakeFiles/zephyr.dir/lib/os/cbprintf.c.gcda is included (trace)...
(DEBUG)   No filter matched.
(DEBUG) --> File is excluded.
(DEBUG) Check if /home/shohem/Documents/dev/zephyr-course/twister-out/native_sim_native/host/homework.unit.ring_buf/zephyr/CMakeFiles/zephyr.dir/lib/os/cbprintf.c.gcda is included (trace)...
(DEBUG) --> File is excluded.
(DEBUG) Check if cbprintf.c##789c0275f2820b0ebff8acb6ec224be3.gcov.json.gz is included (gcov file)...
(DEBUG)   Filter AlwaysMatchFilter() matched.
(DEBUG) --> File is included.
(DEBUG) Check if /home/shohem/Documents/dev/zephyr-course/app/modules/ring_buf/cbprintf.c##789c0275f2820b0ebff8acb6ec224be3.gcov.json.gz is included (trace)...
(DEBUG)   No filter matched.
(DEBUG) --> File is excluded.
(DEBUG) Check if /home/shohem/Documents/dev/deps/zephyr/lib/os/cbprintf.c is included (source file)...
(DEBUG)   No filter matched.
(DEBUG) --> File is excluded.
(DEBUG) Check if /home/shohem/Documents/dev/deps/zephyr/include/zephyr/sys/cbprintf.h is included (source file)...
(DEBUG)   No filter matched.
(DEBUG) --> File is excluded.
(DEBUG) Check if /home/shohem/Documents/dev/zephyr-course/twister-out/native_sim_native/host/homework.unit.ring_buf/zephyr/CMakeFiles/zephyr.dir/lib/os/cbprintf_complete.c.gcda is included (trace)...
(DEBUG)   No filter matched.
(DEBUG) --> File is excluded.
(DEBUG) Check if /home/shohem/Documents/dev/zephyr-course/twister-out/native_sim_native/host/homework.unit.ring_buf/zephyr/CMakeFiles/zephyr.dir/lib/os/cbprintf_complete.c.gcda is included (trace)...
(DEBUG) --> File is excluded.
(DEBUG) Check if cbprintf_complete.c##b987f9671de021af305309d510b53102.gcov.json.gz is included (gcov file)...
(DEBUG)   Filter AlwaysMatchFilter() matched.
(DEBUG) --> File is included.
(DEBUG) Check if /home/shohem/Documents/dev/zephyr-course/app/modules/ring_buf/cbprintf_complete.c##b987f9671de021af305309d510b53102.gcov.json.gz is included (trace)...
(DEBUG)   No filter matched.
(DEBUG) --> File is excluded.
(DEBUG) Check if /home/shohem/Documents/dev/deps/zephyr/lib/os/cbprintf_complete.c is included (source file)...
(DEBUG)   No filter matched.
(DEBUG) --> File is excluded.
(DEBUG) Check if /home/shohem/Documents/dev/zephyr-course/twister-out/native_sim_native/host/homework.unit.ring_buf/zephyr/CMakeFiles/zephyr.dir/lib/os/cbprintf_packaged.c.gcda is included (trace)...
(DEBUG)   No filter matched.
(DEBUG) --> File is excluded.
(DEBUG) Check if /home/shohem/Documents/dev/zephyr-course/twister-out/native_sim_native/host/homework.unit.ring_buf/zephyr/CMakeFiles/zephyr.dir/lib/os/cbprintf_packaged.c.gcda is included (trace)...
(DEBUG) --> File is excluded.
(DEBUG) Check if cbprintf_packaged.c##f27c8959f01a3337ca42de4c90fbc1d3.gcov.json.gz is included (gcov file)...
(DEBUG)   Filter AlwaysMatchFilter() matched.
(DEBUG) --> File is included.
(DEBUG) Check if /home/shohem/Documents/dev/zephyr-course/app/modules/ring_buf/cbprintf_packaged.c##f27c8959f01a3337ca42de4c90fbc1d3.gcov.json.gz is included (trace)...
(DEBUG)   No filter matched.
(DEBUG) --> File is excluded.
(DEBUG) Check if /home/shohem/Documents/dev/deps/zephyr/lib/os/cbprintf_packaged.c is included (source file)...
(DEBUG)   No filter matched.
(DEBUG) --> File is excluded.
(DEBUG) Check if /home/shohem/Documents/dev/deps/zephyr/include/zephyr/logging/log_msg.h is included (source file)...
(DEBUG) --> File is excluded.
(DEBUG) Check if /home/shohem/Documents/dev/deps/zephyr/include/zephyr/linker/utils.h is included (source file)...
(DEBUG)   No filter matched.
(DEBUG) --> File is excluded.
(DEBUG) Check if /home/shohem/Documents/dev/zephyr-course/twister-out/native_sim_native/host/homework.unit.ring_buf/zephyr/CMakeFiles/zephyr.dir/lib/os/clock.c.gcda is included (trace)...
(DEBUG)   No filter matched.
(DEBUG) --> File is excluded.
(DEBUG) Check if /home/shohem/Documents/dev/zephyr-course/twister-out/native_sim_native/host/homework.unit.ring_buf/zephyr/CMakeFiles/zephyr.dir/lib/os/clock.c.gcda is included (trace)...
(DEBUG) --> File is excluded.
(DEBUG) Check if clock.c##23d0a0bef88085759639f52a9fbd62f3.gcov.json.gz is included (gcov file)...
(DEBUG)   Filter AlwaysMatchFilter() matched.
(DEBUG) --> File is included.
(DEBUG) Check if /home/shohem/Documents/dev/zephyr-course/app/modules/ring_buf/clock.c##23d0a0bef88085759639f52a9fbd62f3.gcov.json.gz is included (trace)...
(DEBUG)   No filter matched.
(DEBUG) --> File is excluded.
(DEBUG) Check if /home/shohem/Documents/dev/deps/zephyr/lib/os/clock.c is included (source file)...
(DEBUG)   No filter matched.
(DEBUG) --> File is excluded.
(DEBUG) Check if /home/shohem/Documents/dev/deps/zephyr/include/zephyr/sys/timeutil.h is included (source file)...
(DEBUG)   No filter matched.
(DEBUG) --> File is excluded.
(DEBUG) Check if /home/shohem/Documents/dev/zephyr-course/twister-out/native_sim_native/host/homework.unit.ring_buf/zephyr/include/generated/zephyr/syscalls/kernel.h is included (source file)...
(DEBUG)   No filter matched.
(DEBUG) --> File is excluded.
(DEBUG) Check if /home/shohem/Documents/dev/deps/zephyr/include/zephyr/spinlock.h is included (source file)...
(DEBUG)   No filter matched.
(DEBUG) --> File is excluded.
(DEBUG) Check if /home/shohem/Documents/dev/zephyr-course/twister-out/native_sim_native/host/homework.unit.ring_buf/zephyr/include/generated/zephyr/syscalls/clock.h is included (source file)...
(DEBUG)   No filter matched.
(DEBUG) --> File is excluded.
(DEBUG) Check if /home/shohem/Documents/dev/deps/zephyr/include/zephyr/arch/posix/arch.h is included (source file)...
(DEBUG)   No filter matched.
(DEBUG) --> File is excluded.
(DEBUG) Check if /home/shohem/Documents/dev/zephyr-course/twister-out/native_sim_native/host/homework.unit.ring_buf/zephyr/CMakeFiles/zephyr.dir/lib/os/printk.c.gcda is included (trace)...
(DEBUG)   No filter matched.
(DEBUG) --> File is excluded.
(DEBUG) Check if /home/shohem/Documents/dev/zephyr-course/twister-out/native_sim_native/host/homework.unit.ring_buf/zephyr/CMakeFiles/zephyr.dir/lib/os/printk.c.gcda is included (trace)...
(DEBUG) --> File is excluded.
(DEBUG) Check if printk.c##859d710d5abf270793d1aab9278775e0.gcov.json.gz is included (gcov file)...
(DEBUG)   Filter AlwaysMatchFilter() matched.
(DEBUG) --> File is included.
(DEBUG) Check if /home/shohem/Documents/dev/zephyr-course/app/modules/ring_buf/printk.c##859d710d5abf270793d1aab9278775e0.gcov.json.gz is included (trace)...
(DEBUG)   No filter matched.
(DEBUG) --> File is excluded.
(DEBUG) Check if /home/shohem/Documents/dev/deps/zephyr/lib/os/printk.c is included (source file)...
(DEBUG)   No filter matched.
(DEBUG) --> File is excluded.
(DEBUG) Check if /home/shohem/Documents/dev/deps/zephyr/include/zephyr/sys/cbprintf.h is included (source file)...
(DEBUG) --> File is excluded.
(DEBUG) Check if /home/shohem/Documents/dev/zephyr-course/twister-out/native_sim_native/host/homework.unit.ring_buf/zephyr/include/generated/zephyr/syscalls/kernel.h is included (source file)...
(DEBUG) --> File is excluded.
(DEBUG) Check if /home/shohem/Documents/dev/zephyr-course/twister-out/native_sim_native/host/homework.unit.ring_buf/zephyr/CMakeFiles/zephyr.dir/lib/os/sem.c.gcda is included (trace)...
(DEBUG)   No filter matched.
(DEBUG) --> File is excluded.
(DEBUG) Check if /home/shohem/Documents/dev/zephyr-course/twister-out/native_sim_native/host/homework.unit.ring_buf/zephyr/CMakeFiles/zephyr.dir/lib/os/sem.c.gcda is included (trace)...
(DEBUG) --> File is excluded.
(DEBUG) Check if sem.c##f24fe7ba2abb3e5e768b0b53bb8a603b.gcov.json.gz is included (gcov file)...
(DEBUG)   Filter AlwaysMatchFilter() matched.
(DEBUG) --> File is included.
(DEBUG) Check if /home/shohem/Documents/dev/zephyr-course/app/modules/ring_buf/sem.c##f24fe7ba2abb3e5e768b0b53bb8a603b.gcov.json.gz is included (trace)...
(DEBUG)   No filter matched.
(DEBUG) --> File is excluded.
(DEBUG) Check if /home/shohem/Documents/dev/deps/zephyr/lib/os/sem.c is included (source file)...
(DEBUG)   No filter matched.
(DEBUG) --> File is excluded.
(DEBUG) Check if /home/shohem/Documents/dev/zephyr-course/twister-out/native_sim_native/host/homework.unit.ring_buf/zephyr/include/generated/zephyr/syscalls/kernel.h is included (source file)...
(DEBUG) --> File is excluded.
(DEBUG) Check if /home/shohem/Documents/dev/deps/zephyr/include/zephyr/kernel.h is included (source file)...
(DEBUG)   No filter matched.
(DEBUG) --> File is excluded.
(DEBUG) Check if /home/shohem/Documents/dev/zephyr-course/twister-out/native_sim_native/host/homework.unit.ring_buf/zephyr/CMakeFiles/zephyr.dir/lib/os/thread_entry.c.gcda is included (trace)...
(DEBUG)   No filter matched.
(DEBUG) --> File is excluded.
(DEBUG) Check if /home/shohem/Documents/dev/zephyr-course/twister-out/native_sim_native/host/homework.unit.ring_buf/zephyr/CMakeFiles/zephyr.dir/lib/os/thread_entry.c.gcda is included (trace)...
(DEBUG) --> File is excluded.
(DEBUG) Check if thread_entry.c##d9b534b848427206c7a7fa16ae57d2c6.gcov.json.gz is included (gcov file)...
(DEBUG)   Filter AlwaysMatchFilter() matched.
(DEBUG) --> File is included.
(DEBUG) Check if /home/shohem/Documents/dev/zephyr-course/app/modules/ring_buf/thread_entry.c##d9b534b848427206c7a7fa16ae57d2c6.gcov.json.gz is included (trace)...
(DEBUG)   No filter matched.
(DEBUG) --> File is excluded.
(DEBUG) Check if /home/shohem/Documents/dev/deps/zephyr/lib/os/thread_entry.c is included (source file)...
(DEBUG)   No filter matched.
(DEBUG) --> File is excluded.
(DEBUG) Check if /home/shohem/Documents/dev/zephyr-course/twister-out/native_sim_native/host/homework.unit.ring_buf/zephyr/include/generated/zephyr/syscalls/kernel.h is included (source file)...
(DEBUG) --> File is excluded.
(DEBUG) Check if /home/shohem/Documents/dev/deps/zephyr/include/zephyr/kernel.h is included (source file)...
(DEBUG) --> File is excluded.
(DEBUG) Check if /home/shohem/Documents/dev/zephyr-course/twister-out/native_sim_native/host/homework.unit.ring_buf/zephyr/CMakeFiles/zephyr.dir/lib/utils/bitarray.c.gcda is included (trace)...
(DEBUG)   No filter matched.
(DEBUG) --> File is excluded.
(DEBUG) Check if /home/shohem/Documents/dev/zephyr-course/twister-out/native_sim_native/host/homework.unit.ring_buf/zephyr/CMakeFiles/zephyr.dir/lib/utils/bitarray.c.gcda is included (trace)...
(DEBUG) --> File is excluded.
(DEBUG) Check if bitarray.c##ac36ae9c59a9583ead08ca5f9eded56b.gcov.json.gz is included (gcov file)...
(DEBUG)   Filter AlwaysMatchFilter() matched.
(DEBUG) --> File is included.
(DEBUG) Check if /home/shohem/Documents/dev/zephyr-course/app/modules/ring_buf/bitarray.c##ac36ae9c59a9583ead08ca5f9eded56b.gcov.json.gz is included (trace)...
(DEBUG)   No filter matched.
(DEBUG) --> File is excluded.
(DEBUG) Check if /home/shohem/Documents/dev/deps/zephyr/lib/utils/bitarray.c is included (source file)...
(DEBUG)   No filter matched.
(DEBUG) --> File is excluded.
(DEBUG) Check if /home/shohem/Documents/dev/deps/zephyr/include/zephyr/spinlock.h is included (source file)...
(DEBUG) --> File is excluded.
(DEBUG) Check if /home/shohem/Documents/dev/deps/zephyr/include/zephyr/arch/posix/arch.h is included (source file)...
(DEBUG) --> File is excluded.
(DEBUG) Check if /home/shohem/Documents/dev/deps/zephyr/include/zephyr/arch/common/ffs.h is included (source file)...
(DEBUG)   No filter matched.
(DEBUG) --> File is excluded.
(DEBUG) Check if /home/shohem/Documents/dev/zephyr-course/twister-out/native_sim_native/host/homework.unit.ring_buf/zephyr/CMakeFiles/zephyr.dir/lib/utils/dec.c.gcda is included (trace)...
(DEBUG)   No filter matched.
(DEBUG) --> File is excluded.
(DEBUG) Check if /home/shohem/Documents/dev/zephyr-course/twister-out/native_sim_native/host/homework.unit.ring_buf/zephyr/CMakeFiles/zephyr.dir/lib/utils/dec.c.gcda is included (trace)...
(DEBUG) --> File is excluded.
(DEBUG) Check if dec.c##1b3b24077679f57a3883fa50ffce8403.gcov.json.gz is included (gcov file)...
(DEBUG)   Filter AlwaysMatchFilter() matched.
(DEBUG) --> File is included.
(DEBUG) Check if /home/shohem/Documents/dev/zephyr-course/app/modules/ring_buf/dec.c##1b3b24077679f57a3883fa50ffce8403.gcov.json.gz is included (trace)...
(DEBUG)   No filter matched.
(DEBUG) --> File is excluded.
(DEBUG) Check if /home/shohem/Documents/dev/deps/zephyr/lib/utils/dec.c is included (source file)...
(DEBUG)   No filter matched.
(DEBUG) --> File is excluded.
(DEBUG) Check if /home/shohem/Documents/dev/zephyr-course/twister-out/native_sim_native/host/homework.unit.ring_buf/zephyr/CMakeFiles/zephyr.dir/lib/utils/hex.c.gcda is included (trace)...
(DEBUG)   No filter matched.
(DEBUG) --> File is excluded.
(DEBUG) Check if /home/shohem/Documents/dev/zephyr-course/twister-out/native_sim_native/host/homework.unit.ring_buf/zephyr/CMakeFiles/zephyr.dir/lib/utils/hex.c.gcda is included (trace)...
(DEBUG) --> File is excluded.
(DEBUG) Check if hex.c##d61df5364870d09a18fbcf9c1923f5dc.gcov.json.gz is included (gcov file)...
(DEBUG)   Filter AlwaysMatchFilter() matched.
(DEBUG) --> File is included.
(DEBUG) Check if /home/shohem/Documents/dev/zephyr-course/app/modules/ring_buf/hex.c##d61df5364870d09a18fbcf9c1923f5dc.gcov.json.gz is included (trace)...
(DEBUG)   No filter matched.
(DEBUG) --> File is excluded.
(DEBUG) Check if /home/shohem/Documents/dev/deps/zephyr/lib/utils/hex.c is included (source file)...
(DEBUG)   No filter matched.
(DEBUG) --> File is excluded.
(DEBUG) Check if /home/shohem/Documents/dev/zephyr-course/twister-out/native_sim_native/host/homework.unit.ring_buf/zephyr/CMakeFiles/zephyr.dir/lib/utils/rb.c.gcda is included (trace)...
(DEBUG)   No filter matched.
(DEBUG) --> File is excluded.
(DEBUG) Check if /home/shohem/Documents/dev/zephyr-course/twister-out/native_sim_native/host/homework.unit.ring_buf/zephyr/CMakeFiles/zephyr.dir/lib/utils/rb.c.gcda is included (trace)...
(DEBUG) --> File is excluded.
(DEBUG) Check if rb.c##3d1b3358c90880cfca69059db5c423c4.gcov.json.gz is included (gcov file)...
(DEBUG)   Filter AlwaysMatchFilter() matched.
(DEBUG) --> File is included.
(DEBUG) Check if /home/shohem/Documents/dev/zephyr-course/app/modules/ring_buf/rb.c##3d1b3358c90880cfca69059db5c423c4.gcov.json.gz is included (trace)...
(DEBUG)   No filter matched.
(DEBUG) --> File is excluded.
(DEBUG) Check if /home/shohem/Documents/dev/deps/zephyr/lib/utils/rb.c is included (source file)...
(DEBUG)   No filter matched.
(DEBUG) --> File is excluded.
(DEBUG) Check if /home/shohem/Documents/dev/zephyr-course/twister-out/native_sim_native/host/homework.unit.ring_buf/zephyr/CMakeFiles/zephyr.dir/lib/utils/ring_buffer.c.gcda is included (trace)...
(DEBUG)   No filter matched.
(DEBUG) --> File is excluded.
(DEBUG) Check if /home/shohem/Documents/dev/zephyr-course/twister-out/native_sim_native/host/homework.unit.ring_buf/zephyr/CMakeFiles/zephyr.dir/lib/utils/ring_buffer.c.gcda is included (trace)...
(DEBUG) --> File is excluded.
(DEBUG) Check if ring_buffer.c##aff054c44121558e2290378cefdc4bc0.gcov.json.gz is included (gcov file)...
(DEBUG)   Filter AlwaysMatchFilter() matched.
(DEBUG) --> File is included.
(DEBUG) Check if /home/shohem/Documents/dev/zephyr-course/app/modules/ring_buf/ring_buffer.c##aff054c44121558e2290378cefdc4bc0.gcov.json.gz is included (trace)...
(DEBUG)   No filter matched.
(DEBUG) --> File is excluded.
(DEBUG) Check if /home/shohem/Documents/dev/deps/zephyr/lib/utils/ring_buffer.c is included (source file)...
(DEBUG)   No filter matched.
(DEBUG) --> File is excluded.
(DEBUG) Check if /home/shohem/Documents/dev/deps/zephyr/include/zephyr/sys/ring_buffer.h is included (source file)...
(DEBUG)   No filter matched.
(DEBUG) --> File is excluded.
(DEBUG) Check if /home/shohem/Documents/dev/zephyr-course/twister-out/native_sim_native/host/homework.unit.ring_buf/zephyr/CMakeFiles/zephyr.dir/lib/utils/timeutil.c.gcda is included (trace)...
(DEBUG)   No filter matched.
(DEBUG) --> File is excluded.
(DEBUG) Check if /home/shohem/Documents/dev/zephyr-course/twister-out/native_sim_native/host/homework.unit.ring_buf/zephyr/CMakeFiles/zephyr.dir/lib/utils/timeutil.c.gcda is included (trace)...
(DEBUG) --> File is excluded.
(DEBUG) Check if timeutil.c##8a62f02677ac6dbeac747982cfe9df3a.gcov.json.gz is included (gcov file)...
(DEBUG)   Filter AlwaysMatchFilter() matched.
(DEBUG) --> File is included.
(DEBUG) Check if /home/shohem/Documents/dev/zephyr-course/app/modules/ring_buf/timeutil.c##8a62f02677ac6dbeac747982cfe9df3a.gcov.json.gz is included (trace)...
(DEBUG)   No filter matched.
(DEBUG) --> File is excluded.
(DEBUG) Check if /home/shohem/Documents/dev/deps/zephyr/lib/utils/timeutil.c is included (source file)...
(DEBUG)   No filter matched.
(DEBUG) --> File is excluded.
(DEBUG) Check if /home/shohem/Documents/dev/zephyr-course/twister-out/native_sim_native/host/homework.unit.ring_buf/zephyr/CMakeFiles/zephyr.dir/misc/generated/configs.c.gcda is included (trace)...
(DEBUG)   No filter matched.
(DEBUG) --> File is excluded.
(DEBUG) Check if /home/shohem/Documents/dev/zephyr-course/twister-out/native_sim_native/host/homework.unit.ring_buf/zephyr/CMakeFiles/zephyr.dir/misc/generated/configs.c.gcda is included (trace)...
(DEBUG) --> File is excluded.
(DEBUG) Check if configs.c##a8a80d5e4ec57f6f342f365e8b5b5a7f.gcov.json.gz is included (gcov file)...
(DEBUG)   Filter AlwaysMatchFilter() matched.
(DEBUG) --> File is included.
(DEBUG) Check if /home/shohem/Documents/dev/zephyr-course/app/modules/ring_buf/configs.c##a8a80d5e4ec57f6f342f365e8b5b5a7f.gcov.json.gz is included (trace)...
(DEBUG)   No filter matched.
(DEBUG) --> File is excluded.
(DEBUG) Check if /home/shohem/Documents/dev/zephyr-course/twister-out/native_sim_native/host/homework.unit.ring_buf/zephyr/misc/generated/configs.c is included (source file)...
(DEBUG)   No filter matched.
(DEBUG) --> File is excluded.
(DEBUG) Check if /home/shohem/Documents/dev/zephyr-course/twister-out/native_sim_native/host/homework.unit.ring_buf/zephyr/CMakeFiles/zephyr.dir/subsys/logging/backends/log_backend_native_posix.c.gcda is included (trace)...
(DEBUG)   No filter matched.
(DEBUG) --> File is excluded.
(DEBUG) Check if /home/shohem/Documents/dev/zephyr-course/twister-out/native_sim_native/host/homework.unit.ring_buf/zephyr/CMakeFiles/zephyr.dir/subsys/logging/backends/log_backend_native_posix.c.gcda is included (trace)...
(DEBUG) --> File is excluded.
(DEBUG) Check if log_backend_native_posix.c##583359243db92e876a7c9d34ee9bb364.gcov.json.gz is included (gcov file)...
(DEBUG)   Filter AlwaysMatchFilter() matched.
(DEBUG) --> File is included.
(DEBUG) Check if /home/shohem/Documents/dev/zephyr-course/app/modules/ring_buf/log_backend_native_posix.c##583359243db92e876a7c9d34ee9bb364.gcov.json.gz is included (trace)...
(DEBUG)   No filter matched.
(DEBUG) --> File is excluded.
(DEBUG) Check if /home/shohem/Documents/dev/deps/zephyr/subsys/logging/backends/log_backend_native_posix.c is included (source file)...
(DEBUG)   No filter matched.
(DEBUG) --> File is excluded.
(DEBUG) Check if /home/shohem/Documents/dev/deps/zephyr/include/zephyr/logging/log_backend_std.h is included (source file)...
(DEBUG)   No filter matched.
(DEBUG) --> File is excluded.
(DEBUG) Check if /home/shohem/Documents/dev/deps/zephyr/include/zephyr/logging/log_output.h is included (source file)...
(DEBUG)   No filter matched.
(DEBUG) --> File is excluded.
(DEBUG) Check if /home/shohem/Documents/dev/zephyr-course/twister-out/native_sim_native/host/homework.unit.ring_buf/zephyr/CMakeFiles/zephyr.dir/subsys/logging/log_cache.c.gcda is included (trace)...
(DEBUG)   No filter matched.
(DEBUG) --> File is excluded.
(DEBUG) Check if /home/shohem/Documents/dev/zephyr-course/twister-out/native_sim_native/host/homework.unit.ring_buf/zephyr/CMakeFiles/zephyr.dir/subsys/logging/log_cache.c.gcda is included (trace)...
(DEBUG) --> File is excluded.
(DEBUG) Check if log_cache.c##36b8c4367f6a7d3e4fa15745a9ac8290.gcov.json.gz is included (gcov file)...
(DEBUG)   Filter AlwaysMatchFilter() matched.
(DEBUG) --> File is included.
(DEBUG) Check if /home/shohem/Documents/dev/zephyr-course/app/modules/ring_buf/log_cache.c##36b8c4367f6a7d3e4fa15745a9ac8290.gcov.json.gz is included (trace)...
(DEBUG)   No filter matched.
(DEBUG) --> File is excluded.
(DEBUG) Check if /home/shohem/Documents/dev/deps/zephyr/subsys/logging/log_cache.c is included (source file)...
(DEBUG)   No filter matched.
(DEBUG) --> File is excluded.
(DEBUG) Check if /home/shohem/Documents/dev/deps/zephyr/include/zephyr/sys/slist.h is included (source file)...
(DEBUG)   No filter matched.
(DEBUG) --> File is excluded.
(DEBUG) Check if /home/shohem/Documents/dev/zephyr-course/twister-out/native_sim_native/host/homework.unit.ring_buf/zephyr/CMakeFiles/zephyr.dir/subsys/logging/log_core.c.gcda is included (trace)...
(DEBUG)   No filter matched.
(DEBUG) --> File is excluded.
(DEBUG) Check if /home/shohem/Documents/dev/zephyr-course/twister-out/native_sim_native/host/homework.unit.ring_buf/zephyr/CMakeFiles/zephyr.dir/subsys/logging/log_core.c.gcda is included (trace)...
(DEBUG) --> File is excluded.
(DEBUG) Check if log_core.c##13287e514ece7708b666b3541304bf49.gcov.json.gz is included (gcov file)...
(DEBUG)   Filter AlwaysMatchFilter() matched.
(DEBUG) --> File is included.
(DEBUG) Check if /home/shohem/Documents/dev/zephyr-course/app/modules/ring_buf/log_core.c##13287e514ece7708b666b3541304bf49.gcov.json.gz is included (trace)...
(DEBUG)   No filter matched.
(DEBUG) --> File is excluded.
(DEBUG) Check if /home/shohem/Documents/dev/deps/zephyr/subsys/logging/log_core.c is included (source file)...
(DEBUG)   No filter matched.
(DEBUG) --> File is excluded.
(DEBUG) Check if /home/shohem/Documents/dev/zephyr-course/twister-out/native_sim_native/host/homework.unit.ring_buf/zephyr/include/generated/zephyr/syscalls/log_ctrl.h is included (source file)...
(DEBUG)   No filter matched.
(DEBUG) --> File is excluded.
(DEBUG) Check if /home/shohem/Documents/dev/deps/zephyr/include/zephyr/logging/log_backend.h is included (source file)...
(DEBUG)   No filter matched.
(DEBUG) --> File is excluded.
(DEBUG) Check if /home/shohem/Documents/dev/zephyr-course/twister-out/native_sim_native/host/homework.unit.ring_buf/zephyr/include/generated/zephyr/syscalls/kernel.h is included (source file)...
(DEBUG) --> File is excluded.
(DEBUG) Check if /home/shohem/Documents/dev/deps/zephyr/include/zephyr/kernel.h is included (source file)...
(DEBUG) --> File is excluded.
(DEBUG) Check if /home/shohem/Documents/dev/deps/zephyr/include/zephyr/spinlock.h is included (source file)...
(DEBUG) --> File is excluded.
(DEBUG) Check if /home/shohem/Documents/dev/deps/zephyr/include/zephyr/logging/log_msg.h is included (source file)...
(DEBUG) --> File is excluded.
(DEBUG) Check if /home/shohem/Documents/dev/deps/zephyr/include/zephyr/arch/posix/arch.h is included (source file)...
(DEBUG) --> File is excluded.
(DEBUG) Check if /home/shohem/Documents/dev/deps/zephyr/include/zephyr/sys/atomic_builtin.h is included (source file)...
(DEBUG)   No filter matched.
(DEBUG) --> File is excluded.
(DEBUG) Check if /home/shohem/Documents/dev/zephyr-course/twister-out/native_sim_native/host/homework.unit.ring_buf/zephyr/CMakeFiles/zephyr.dir/subsys/logging/log_mgmt.c.gcda is included (trace)...
(DEBUG)   No filter matched.
(DEBUG) --> File is excluded.
(DEBUG) Check if /home/shohem/Documents/dev/zephyr-course/twister-out/native_sim_native/host/homework.unit.ring_buf/zephyr/CMakeFiles/zephyr.dir/subsys/logging/log_mgmt.c.gcda is included (trace)...
(DEBUG) --> File is excluded.
(DEBUG) Check if log_mgmt.c##843c0654ae3e894beeb329f0418f9bc9.gcov.json.gz is included (gcov file)...
(DEBUG)   Filter AlwaysMatchFilter() matched.
(DEBUG) --> File is included.
(DEBUG) Check if /home/shohem/Documents/dev/zephyr-course/app/modules/ring_buf/log_mgmt.c##843c0654ae3e894beeb329f0418f9bc9.gcov.json.gz is included (trace)...
(DEBUG)   No filter matched.
(DEBUG) --> File is excluded.
(DEBUG) Check if /home/shohem/Documents/dev/deps/zephyr/subsys/logging/log_mgmt.c is included (source file)...
(DEBUG)   No filter matched.
(DEBUG) --> File is excluded.
(DEBUG) Check if /home/shohem/Documents/dev/deps/zephyr/include/zephyr/logging/log_link.h is included (source file)...
(DEBUG)   No filter matched.
(DEBUG) --> File is excluded.
(DEBUG) Check if /home/shohem/Documents/dev/zephyr-course/twister-out/native_sim_native/host/homework.unit.ring_buf/zephyr/include/generated/zephyr/syscalls/log_ctrl.h is included (source file)...
(DEBUG) --> File is excluded.
(DEBUG) Check if /home/shohem/Documents/dev/deps/zephyr/include/zephyr/logging/log_backend.h is included (source file)...
(DEBUG) --> File is excluded.
(DEBUG) Check if /home/shohem/Documents/dev/deps/zephyr/include/zephyr/logging/log_internal.h is included (source file)...
(DEBUG)   No filter matched.
(DEBUG) --> File is excluded.
(DEBUG) Check if /home/shohem/Documents/dev/deps/zephyr/include/zephyr/logging/log_core.h is included (source file)...
(DEBUG)   No filter matched.
(DEBUG) --> File is excluded.
(DEBUG) Check if /home/shohem/Documents/dev/zephyr-course/twister-out/native_sim_native/host/homework.unit.ring_buf/zephyr/CMakeFiles/zephyr.dir/subsys/logging/log_msg.c.gcda is included (trace)...
(DEBUG)   No filter matched.
(DEBUG) --> File is excluded.
(DEBUG) Check if /home/shohem/Documents/dev/zephyr-course/twister-out/native_sim_native/host/homework.unit.ring_buf/zephyr/CMakeFiles/zephyr.dir/subsys/logging/log_msg.c.gcda is included (trace)...
(DEBUG) --> File is excluded.
(DEBUG) Check if log_msg.c##bc8bad428b618f9a625889f93ac0a94f.gcov.json.gz is included (gcov file)...
(DEBUG)   Filter AlwaysMatchFilter() matched.
(DEBUG) --> File is included.
(DEBUG) Check if /home/shohem/Documents/dev/zephyr-course/app/modules/ring_buf/log_msg.c##bc8bad428b618f9a625889f93ac0a94f.gcov.json.gz is included (trace)...
(DEBUG)   No filter matched.
(DEBUG) --> File is excluded.
(DEBUG) Check if /home/shohem/Documents/dev/deps/zephyr/subsys/logging/log_msg.c is included (source file)...
(DEBUG)   No filter matched.
(DEBUG) --> File is excluded.
(DEBUG) Check if /home/shohem/Documents/dev/deps/zephyr/include/zephyr/logging/log_internal.h is included (source file)...
(DEBUG) --> File is excluded.
(DEBUG) Check if /home/shohem/Documents/dev/deps/zephyr/include/zephyr/logging/log_core.h is included (source file)...
(DEBUG) --> File is excluded.
(DEBUG) Check if /home/shohem/Documents/dev/deps/zephyr/include/zephyr/logging/log_msg.h is included (source file)...
(DEBUG) --> File is excluded.
(DEBUG) Check if /home/shohem/Documents/dev/deps/zephyr/include/zephyr/sys/cbprintf.h is included (source file)...
(DEBUG) --> File is excluded.
(DEBUG) Check if /home/shohem/Documents/dev/zephyr-course/twister-out/native_sim_native/host/homework.unit.ring_buf/zephyr/CMakeFiles/zephyr.dir/subsys/logging/log_output.c.gcda is included (trace)...
(DEBUG)   No filter matched.
(DEBUG) --> File is excluded.
(DEBUG) Check if /home/shohem/Documents/dev/zephyr-course/twister-out/native_sim_native/host/homework.unit.ring_buf/zephyr/CMakeFiles/zephyr.dir/subsys/logging/log_output.c.gcda is included (trace)...
(DEBUG) --> File is excluded.
(DEBUG) Check if log_output.c##a372e0e846d825d83f1b5832fb56108f.gcov.json.gz is included (gcov file)...
(DEBUG)   Filter AlwaysMatchFilter() matched.
(DEBUG) --> File is included.
(DEBUG) Check if /home/shohem/Documents/dev/zephyr-course/app/modules/ring_buf/log_output.c##a372e0e846d825d83f1b5832fb56108f.gcov.json.gz is included (trace)...
(DEBUG)   No filter matched.
(DEBUG) --> File is excluded.
(DEBUG) Check if /home/shohem/Documents/dev/deps/zephyr/subsys/logging/log_output.c is included (source file)...
(DEBUG)   No filter matched.
(DEBUG) --> File is excluded.
(DEBUG) Check if /home/shohem/Documents/dev/deps/zephyr/include/zephyr/logging/log_output.h is included (source file)...
(DEBUG) --> File is excluded.
(DEBUG) Check if /home/shohem/Documents/dev/deps/zephyr/include/zephyr/logging/log_msg.h is included (source file)...
(DEBUG) --> File is excluded.
(DEBUG) Check if /home/shohem/Documents/dev/deps/zephyr/include/zephyr/sys/cbprintf.h is included (source file)...
(DEBUG) --> File is excluded.
(DEBUG) Check if /home/shohem/Documents/dev/zephyr-course/twister-out/native_sim_native/host/homework.unit.ring_buf/zephyr/CMakeFiles/zephyr.dir/subsys/tracing/tracing_none.c.gcda is included (trace)...
(DEBUG)   No filter matched.
(DEBUG) --> File is excluded.
(DEBUG) Check if /home/shohem/Documents/dev/zephyr-course/twister-out/native_sim_native/host/homework.unit.ring_buf/zephyr/CMakeFiles/zephyr.dir/subsys/tracing/tracing_none.c.gcda is included (trace)...
(DEBUG) --> File is excluded.
(DEBUG) Check if tracing_none.c##0ec23b2997b1f06a1974c5aac7712f1e.gcov.json.gz is included (gcov file)...
(DEBUG)   Filter AlwaysMatchFilter() matched.
(DEBUG) --> File is included.
(DEBUG) Check if /home/shohem/Documents/dev/zephyr-course/app/modules/ring_buf/tracing_none.c##0ec23b2997b1f06a1974c5aac7712f1e.gcov.json.gz is included (trace)...
(DEBUG)   No filter matched.
(DEBUG) --> File is excluded.
(DEBUG) Check if /home/shohem/Documents/dev/deps/zephyr/subsys/tracing/tracing_none.c is included (source file)...
(DEBUG)   No filter matched.
(DEBUG) --> File is excluded.
(DEBUG) Check if /home/shohem/Documents/dev/zephyr-course/twister-out/native_sim_native/host/homework.unit.ring_buf/zephyr/CMakeFiles/zephyr_pre0.dir/misc/empty_file.c.gcno is included (trace)...
(DEBUG)   No filter matched.
(DEBUG) --> File is excluded.
(DEBUG) Check if /home/shohem/Documents/dev/zephyr-course/twister-out/native_sim_native/host/homework.unit.ring_buf/zephyr/CMakeFiles/zephyr_pre0.dir/misc/empty_file.c.gcno is included (trace)...
(DEBUG) --> File is excluded.
(DEBUG) Check if empty_file.c##aadbdd52da220d3e294c63ea057b0fb1.gcov.json.gz is included (gcov file)...
(DEBUG)   Filter AlwaysMatchFilter() matched.
(DEBUG) --> File is included.
(DEBUG) Check if /home/shohem/Documents/dev/zephyr-course/app/modules/ring_buf/empty_file.c##aadbdd52da220d3e294c63ea057b0fb1.gcov.json.gz is included (trace)...
(DEBUG)   No filter matched.
(DEBUG) --> File is excluded.
(DEBUG) Check if /home/shohem/Documents/dev/zephyr-course/twister-out/native_sim_native/host/homework.unit.ring_buf/zephyr/NSI/common/src/main.gcda is included (trace)...
(DEBUG)   No filter matched.
(DEBUG) --> File is excluded.
(DEBUG) Check if /home/shohem/Documents/dev/zephyr-course/twister-out/native_sim_native/host/homework.unit.ring_buf/zephyr/NSI/common/src/main.gcda is included (trace)...
(DEBUG) --> File is excluded.
(DEBUG) Check if main##116e40a72ff3f2f50c44f43e76478e6a.gcov.json.gz is included (gcov file)...
(DEBUG)   Filter AlwaysMatchFilter() matched.
(DEBUG) --> File is included.
(DEBUG) Check if /home/shohem/Documents/dev/zephyr-course/app/modules/ring_buf/main##116e40a72ff3f2f50c44f43e76478e6a.gcov.json.gz is included (trace)...
(DEBUG)   No filter matched.
(DEBUG) --> File is excluded.
(DEBUG) Check if /home/shohem/Documents/dev/deps/zephyr/scripts/native_simulator/common/src/main.c is included (source file)...
(DEBUG)   No filter matched.
(DEBUG) --> File is excluded.
(DEBUG) Check if /home/shohem/Documents/dev/deps/zephyr/scripts/native_simulator/common/src/include/nsi_hw_scheduler.h is included (source file)...
(DEBUG)   No filter matched.
(DEBUG) --> File is excluded.
(DEBUG) Check if /home/shohem/Documents/dev/zephyr-course/twister-out/native_sim_native/host/homework.unit.ring_buf/zephyr/NSI/common/src/nce.gcda is included (trace)...
(DEBUG)   No filter matched.
(DEBUG) --> File is excluded.
(DEBUG) Check if /home/shohem/Documents/dev/zephyr-course/twister-out/native_sim_native/host/homework.unit.ring_buf/zephyr/NSI/common/src/nce.gcda is included (trace)...
(DEBUG) --> File is excluded.
(DEBUG) Check if nce##5ba213a2dcf7d034ab07e6b99b5cfb33.gcov.json.gz is included (gcov file)...
(DEBUG)   Filter AlwaysMatchFilter() matched.
(DEBUG) --> File is included.
(DEBUG) Check if /home/shohem/Documents/dev/zephyr-course/app/modules/ring_buf/nce##5ba213a2dcf7d034ab07e6b99b5cfb33.gcov.json.gz is included (trace)...
(DEBUG)   No filter matched.
(DEBUG) --> File is excluded.
(DEBUG) Check if /home/shohem/Documents/dev/deps/zephyr/scripts/native_simulator/common/src/nce.c is included (source file)...
(DEBUG)   No filter matched.
(DEBUG) --> File is excluded.
(DEBUG) Check if /home/shohem/Documents/dev/deps/zephyr/scripts/native_simulator/common/src/nsi_safe_call.h is included (source file)...
(DEBUG)   No filter matched.
(DEBUG) --> File is excluded.
(DEBUG) Check if /home/shohem/Documents/dev/zephyr-course/twister-out/native_sim_native/host/homework.unit.ring_buf/zephyr/NSI/common/src/nct.gcda is included (trace)...
(DEBUG)   No filter matched.
(DEBUG) --> File is excluded.
(DEBUG) Check if /home/shohem/Documents/dev/zephyr-course/twister-out/native_sim_native/host/homework.unit.ring_buf/zephyr/NSI/common/src/nct.gcda is included (trace)...
(DEBUG) --> File is excluded.
(DEBUG) Check if nct##c17835731b156527c168af9b9918a36f.gcov.json.gz is included (gcov file)...
(DEBUG)   Filter AlwaysMatchFilter() matched.
(DEBUG) --> File is included.
(DEBUG) Check if /home/shohem/Documents/dev/zephyr-course/app/modules/ring_buf/nct##c17835731b156527c168af9b9918a36f.gcov.json.gz is included (trace)...
(DEBUG)   No filter matched.
(DEBUG) --> File is excluded.
(DEBUG) Check if /home/shohem/Documents/dev/deps/zephyr/scripts/native_simulator/common/src/nct.c is included (source file)...
(DEBUG)   No filter matched.
(DEBUG) --> File is excluded.
(DEBUG) Check if /home/shohem/Documents/dev/deps/zephyr/scripts/native_simulator/common/src/nsi_safe_call.h is included (source file)...
(DEBUG) --> File is excluded.
(DEBUG) Check if /home/shohem/Documents/dev/zephyr-course/twister-out/native_sim_native/host/homework.unit.ring_buf/zephyr/NSI/common/src/nsi_cpu_ctrl.gcda is included (trace)...
(DEBUG)   No filter matched.
(DEBUG) --> File is excluded.
(DEBUG) Check if /home/shohem/Documents/dev/zephyr-course/twister-out/native_sim_native/host/homework.unit.ring_buf/zephyr/NSI/common/src/nsi_cpu_ctrl.gcda is included (trace)...
(DEBUG) --> File is excluded.
(DEBUG) Check if nsi_cpu_ctrl##dc74a9fef3fc101524c99db1673a23e4.gcov.json.gz is included (gcov file)...
(DEBUG)   Filter AlwaysMatchFilter() matched.
(DEBUG) --> File is included.
(DEBUG) Check if /home/shohem/Documents/dev/zephyr-course/app/modules/ring_buf/nsi_cpu_ctrl##dc74a9fef3fc101524c99db1673a23e4.gcov.json.gz is included (trace)...
(DEBUG)   No filter matched.
(DEBUG) --> File is excluded.
(DEBUG) Check if /home/shohem/Documents/dev/deps/zephyr/scripts/native_simulator/common/src/nsi_cpu_ctrl.c is included (source file)...
(DEBUG)   No filter matched.
(DEBUG) --> File is excluded.
(DEBUG) Check if /home/shohem/Documents/dev/zephyr-course/twister-out/native_sim_native/host/homework.unit.ring_buf/zephyr/NSI/common/src/nsi_cpun_if.gcda is included (trace)...
(DEBUG)   No filter matched.
(DEBUG) --> File is excluded.
(DEBUG) Check if /home/shohem/Documents/dev/zephyr-course/twister-out/native_sim_native/host/homework.unit.ring_buf/zephyr/NSI/common/src/nsi_cpun_if.gcda is included (trace)...
(DEBUG) --> File is excluded.
(DEBUG) Check if nsi_cpun_if##5ffd2ca787867b1b213905adab8833f7.gcov.json.gz is included (gcov file)...
(DEBUG)   Filter AlwaysMatchFilter() matched.
(DEBUG) --> File is included.
(DEBUG) Check if /home/shohem/Documents/dev/zephyr-course/app/modules/ring_buf/nsi_cpun_if##5ffd2ca787867b1b213905adab8833f7.gcov.json.gz is included (trace)...
(DEBUG)   No filter matched.
(DEBUG) --> File is excluded.
(DEBUG) Check if /home/shohem/Documents/dev/deps/zephyr/scripts/native_simulator/common/src/nsi_cpun_if.c is included (source file)...
(DEBUG)   No filter matched.
(DEBUG) --> File is excluded.
(DEBUG) Check if /home/shohem/Documents/dev/zephyr-course/twister-out/native_sim_native/host/homework.unit.ring_buf/zephyr/NSI/common/src/nsi_errno.gcda is included (trace)...
(DEBUG)   No filter matched.
(DEBUG) --> File is excluded.
(DEBUG) Check if /home/shohem/Documents/dev/zephyr-course/twister-out/native_sim_native/host/homework.unit.ring_buf/zephyr/NSI/common/src/nsi_errno.gcda is included (trace)...
(DEBUG) --> File is excluded.
(DEBUG) Check if nsi_errno##d6e80eaaf9a5bee4ecc92a2f76269481.gcov.json.gz is included (gcov file)...
(DEBUG)   Filter AlwaysMatchFilter() matched.
(DEBUG) --> File is included.
(DEBUG) Check if /home/shohem/Documents/dev/zephyr-course/app/modules/ring_buf/nsi_errno##d6e80eaaf9a5bee4ecc92a2f76269481.gcov.json.gz is included (trace)...
(DEBUG)   No filter matched.
(DEBUG) --> File is excluded.
(DEBUG) Check if /home/shohem/Documents/dev/deps/zephyr/scripts/native_simulator/common/src/nsi_errno.c is included (source file)...
(DEBUG)   No filter matched.
(DEBUG) --> File is excluded.
(DEBUG) Check if /home/shohem/Documents/dev/zephyr-course/twister-out/native_sim_native/host/homework.unit.ring_buf/zephyr/NSI/common/src/nsi_host_trampolines.gcda is included (trace)...
(DEBUG)   No filter matched.
(DEBUG) --> File is excluded.
(DEBUG) Check if /home/shohem/Documents/dev/zephyr-course/twister-out/native_sim_native/host/homework.unit.ring_buf/zephyr/NSI/common/src/nsi_host_trampolines.gcda is included (trace)...
(DEBUG) --> File is excluded.
(DEBUG) Check if nsi_host_trampolines##c79a6fd398174f8692ed84cedcdb27f1.gcov.json.gz is included (gcov file)...
(DEBUG)   Filter AlwaysMatchFilter() matched.
(DEBUG) --> File is included.
(DEBUG) Check if /home/shohem/Documents/dev/zephyr-course/app/modules/ring_buf/nsi_host_trampolines##c79a6fd398174f8692ed84cedcdb27f1.gcov.json.gz is included (trace)...
(DEBUG)   No filter matched.
(DEBUG) --> File is excluded.
(DEBUG) Check if /home/shohem/Documents/dev/deps/zephyr/scripts/native_simulator/common/src/nsi_host_trampolines.c is included (source file)...
(DEBUG)   No filter matched.
(DEBUG) --> File is excluded.
(DEBUG) Check if /home/shohem/Documents/dev/zephyr-course/twister-out/native_sim_native/host/homework.unit.ring_buf/zephyr/NSI/common/src/nsi_hw_scheduler.gcda is included (trace)...
(DEBUG)   No filter matched.
(DEBUG) --> File is excluded.
(DEBUG) Check if /home/shohem/Documents/dev/zephyr-course/twister-out/native_sim_native/host/homework.unit.ring_buf/zephyr/NSI/common/src/nsi_hw_scheduler.gcda is included (trace)...
(DEBUG) --> File is excluded.
(DEBUG) Check if nsi_hw_scheduler##9d98e1661d36554597ee1e1cf7a8e12b.gcov.json.gz is included (gcov file)...
(DEBUG)   Filter AlwaysMatchFilter() matched.
(DEBUG) --> File is included.
(DEBUG) Check if /home/shohem/Documents/dev/zephyr-course/app/modules/ring_buf/nsi_hw_scheduler##9d98e1661d36554597ee1e1cf7a8e12b.gcov.json.gz is included (trace)...
(DEBUG)   No filter matched.
(DEBUG) --> File is excluded.
(DEBUG) Check if /home/shohem/Documents/dev/deps/zephyr/scripts/native_simulator/common/src/nsi_hw_scheduler.c is included (source file)...
(DEBUG)   No filter matched.
(DEBUG) --> File is excluded.
(DEBUG) Check if /home/shohem/Documents/dev/deps/zephyr/scripts/native_simulator/common/src/nsi_safe_call.h is included (source file)...
(DEBUG) --> File is excluded.
(DEBUG) Check if /home/shohem/Documents/dev/zephyr-course/twister-out/native_sim_native/host/homework.unit.ring_buf/zephyr/NSI/common/src/nsi_tasks.gcda is included (trace)...
(DEBUG)   No filter matched.
(DEBUG) --> File is excluded.
(DEBUG) Check if /home/shohem/Documents/dev/zephyr-course/twister-out/native_sim_native/host/homework.unit.ring_buf/zephyr/NSI/common/src/nsi_tasks.gcda is included (trace)...
(DEBUG) --> File is excluded.
(DEBUG) Check if nsi_tasks##d62a45735b95b72a29eb31a981df188f.gcov.json.gz is included (gcov file)...
(DEBUG)   Filter AlwaysMatchFilter() matched.
(DEBUG) --> File is included.
(DEBUG) Check if /home/shohem/Documents/dev/zephyr-course/app/modules/ring_buf/nsi_tasks##d62a45735b95b72a29eb31a981df188f.gcov.json.gz is included (trace)...
(DEBUG)   No filter matched.
(DEBUG) --> File is excluded.
(DEBUG) Check if /home/shohem/Documents/dev/deps/zephyr/scripts/native_simulator/common/src/nsi_tasks.c is included (source file)...
(DEBUG)   No filter matched.
(DEBUG) --> File is excluded.
(DEBUG) Check if /home/shohem/Documents/dev/zephyr-course/twister-out/native_sim_native/host/homework.unit.ring_buf/zephyr/NSI/common/src/nsi_trace_varg.gcda is included (trace)...
(DEBUG)   No filter matched.
(DEBUG) --> File is excluded.
(DEBUG) Check if /home/shohem/Documents/dev/zephyr-course/twister-out/native_sim_native/host/homework.unit.ring_buf/zephyr/NSI/common/src/nsi_trace_varg.gcda is included (trace)...
(DEBUG) --> File is excluded.
(DEBUG) Check if nsi_trace_varg##e68480363daa4cd0d6b8014733f2f007.gcov.json.gz is included (gcov file)...
(DEBUG)   Filter AlwaysMatchFilter() matched.
(DEBUG) --> File is included.
(DEBUG) Check if /home/shohem/Documents/dev/zephyr-course/app/modules/ring_buf/nsi_trace_varg##e68480363daa4cd0d6b8014733f2f007.gcov.json.gz is included (trace)...
(DEBUG)   No filter matched.
(DEBUG) --> File is excluded.
(DEBUG) Check if /home/shohem/Documents/dev/deps/zephyr/scripts/native_simulator/common/src/nsi_trace_varg.c is included (source file)...
(DEBUG)   No filter matched.
(DEBUG) --> File is excluded.
(DEBUG) Check if /home/shohem/Documents/dev/zephyr-course/twister-out/native_sim_native/host/homework.unit.ring_buf/zephyr/NSI/common/src/nsi_weak_stubs.gcda is included (trace)...
(DEBUG)   No filter matched.
(DEBUG) --> File is excluded.
(DEBUG) Check if /home/shohem/Documents/dev/zephyr-course/twister-out/native_sim_native/host/homework.unit.ring_buf/zephyr/NSI/common/src/nsi_weak_stubs.gcda is included (trace)...
(DEBUG) --> File is excluded.
(DEBUG) Check if nsi_weak_stubs##4427625d4b93441ba28421dd82374a13.gcov.json.gz is included (gcov file)...
(DEBUG)   Filter AlwaysMatchFilter() matched.
(DEBUG) --> File is included.
(DEBUG) Check if /home/shohem/Documents/dev/zephyr-course/app/modules/ring_buf/nsi_weak_stubs##4427625d4b93441ba28421dd82374a13.gcov.json.gz is included (trace)...
(DEBUG)   No filter matched.
(DEBUG) --> File is excluded.
(DEBUG) Check if /home/shohem/Documents/dev/deps/zephyr/scripts/native_simulator/common/src/nsi_weak_stubs.c is included (source file)...
(DEBUG)   No filter matched.
(DEBUG) --> File is excluded.
(DEBUG) Check if /home/shohem/Documents/dev/zephyr-course/twister-out/native_sim_native/host/homework.unit.ring_buf/zephyr/NSI/native/src/hw_counter.gcda is included (trace)...
(DEBUG)   No filter matched.
(DEBUG) --> File is excluded.
(DEBUG) Check if /home/shohem/Documents/dev/zephyr-course/twister-out/native_sim_native/host/homework.unit.ring_buf/zephyr/NSI/native/src/hw_counter.gcda is included (trace)...
(DEBUG) --> File is excluded.
(DEBUG) Check if hw_counter##665ed5f9a38ee1565652fac5ef2c0159.gcov.json.gz is included (gcov file)...
(DEBUG)   Filter AlwaysMatchFilter() matched.
(DEBUG) --> File is included.
(DEBUG) Check if /home/shohem/Documents/dev/zephyr-course/app/modules/ring_buf/hw_counter##665ed5f9a38ee1565652fac5ef2c0159.gcov.json.gz is included (trace)...
(DEBUG)   No filter matched.
(DEBUG) --> File is excluded.
(DEBUG) Check if /home/shohem/Documents/dev/deps/zephyr/scripts/native_simulator/native/src/hw_counter.c is included (source file)...
(DEBUG)   No filter matched.
(DEBUG) --> File is excluded.
(DEBUG) Check if /home/shohem/Documents/dev/deps/zephyr/scripts/native_simulator/common/src/include/nsi_hw_scheduler.h is included (source file)...
(DEBUG) --> File is excluded.
(DEBUG) Check if /home/shohem/Documents/dev/zephyr-course/twister-out/native_sim_native/host/homework.unit.ring_buf/zephyr/NSI/native/src/irq_ctrl.gcda is included (trace)...
(DEBUG)   No filter matched.
(DEBUG) --> File is excluded.
(DEBUG) Check if /home/shohem/Documents/dev/zephyr-course/twister-out/native_sim_native/host/homework.unit.ring_buf/zephyr/NSI/native/src/irq_ctrl.gcda is included (trace)...
(DEBUG) --> File is excluded.
(DEBUG) Check if irq_ctrl##6dbd941ea29ebf2ebe223fbde900de0d.gcov.json.gz is included (gcov file)...
(DEBUG)   Filter AlwaysMatchFilter() matched.
(DEBUG) --> File is included.
(DEBUG) Check if /home/shohem/Documents/dev/zephyr-course/app/modules/ring_buf/irq_ctrl##6dbd941ea29ebf2ebe223fbde900de0d.gcov.json.gz is included (trace)...
(DEBUG)   No filter matched.
(DEBUG) --> File is excluded.
(DEBUG) Check if /home/shohem/Documents/dev/deps/zephyr/scripts/native_simulator/native/src/irq_ctrl.c is included (source file)...
(DEBUG)   No filter matched.
(DEBUG) --> File is excluded.
(DEBUG) Check if /home/shohem/Documents/dev/deps/zephyr/scripts/native_simulator/common/src/include/nsi_hw_scheduler.h is included (source file)...
(DEBUG) --> File is excluded.
(DEBUG) Check if /home/shohem/Documents/dev/deps/zephyr/scripts/native_simulator/common/src/nsi_internal.h is included (source file)...
(DEBUG)   No filter matched.
(DEBUG) --> File is excluded.
(DEBUG) Check if /home/shohem/Documents/dev/zephyr-course/twister-out/native_sim_native/host/homework.unit.ring_buf/zephyr/NSI/native/src/native_rtc.gcda is included (trace)...
(DEBUG)   No filter matched.
(DEBUG) --> File is excluded.
(DEBUG) Check if /home/shohem/Documents/dev/zephyr-course/twister-out/native_sim_native/host/homework.unit.ring_buf/zephyr/NSI/native/src/native_rtc.gcda is included (trace)...
(DEBUG) --> File is excluded.
(DEBUG) Check if native_rtc##0407ebfa9badcdcd88ba4fc752860dc3.gcov.json.gz is included (gcov file)...
(DEBUG)   Filter AlwaysMatchFilter() matched.
(DEBUG) --> File is included.
(DEBUG) Check if /home/shohem/Documents/dev/zephyr-course/app/modules/ring_buf/native_rtc##0407ebfa9badcdcd88ba4fc752860dc3.gcov.json.gz is included (trace)...
(DEBUG)   No filter matched.
(DEBUG) --> File is excluded.
(DEBUG) Check if /home/shohem/Documents/dev/deps/zephyr/scripts/native_simulator/native/src/native_rtc.c is included (source file)...
(DEBUG)   No filter matched.
(DEBUG) --> File is excluded.
(DEBUG) Check if /home/shohem/Documents/dev/deps/zephyr/scripts/native_simulator/common/src/include/nsi_hw_scheduler.h is included (source file)...
(DEBUG) --> File is excluded.
(DEBUG) Check if /home/shohem/Documents/dev/zephyr-course/twister-out/native_sim_native/host/homework.unit.ring_buf/zephyr/NSI/native/src/nsi_cmdline.gcda is included (trace)...
(DEBUG)   No filter matched.
(DEBUG) --> File is excluded.
(DEBUG) Check if /home/shohem/Documents/dev/zephyr-course/twister-out/native_sim_native/host/homework.unit.ring_buf/zephyr/NSI/native/src/nsi_cmdline.gcda is included (trace)...
(DEBUG) --> File is excluded.
(DEBUG) Check if nsi_cmdline##d5a23ff305decb73f96ccc380c121043.gcov.json.gz is included (gcov file)...
(DEBUG)   Filter AlwaysMatchFilter() matched.
(DEBUG) --> File is included.
(DEBUG) Check if /home/shohem/Documents/dev/zephyr-course/app/modules/ring_buf/nsi_cmdline##d5a23ff305decb73f96ccc380c121043.gcov.json.gz is included (trace)...
(DEBUG)   No filter matched.
(DEBUG) --> File is excluded.
(DEBUG) Check if /home/shohem/Documents/dev/deps/zephyr/scripts/native_simulator/native/src/nsi_cmdline.c is included (source file)...
(DEBUG)   No filter matched.
(DEBUG) --> File is excluded.
(DEBUG) Check if /home/shohem/Documents/dev/zephyr-course/twister-out/native_sim_native/host/homework.unit.ring_buf/zephyr/NSI/native/src/nsi_cmdline_common.gcda is included (trace)...
(DEBUG)   No filter matched.
(DEBUG) --> File is excluded.
(DEBUG) Check if /home/shohem/Documents/dev/zephyr-course/twister-out/native_sim_native/host/homework.unit.ring_buf/zephyr/NSI/native/src/nsi_cmdline_common.gcda is included (trace)...
(DEBUG) --> File is excluded.
(DEBUG) Check if nsi_cmdline_common##7abed247a91888419f2cf3e5df0e7902.gcov.json.gz is included (gcov file)...
(DEBUG)   Filter AlwaysMatchFilter() matched.
(DEBUG) --> File is included.
(DEBUG) Check if /home/shohem/Documents/dev/zephyr-course/app/modules/ring_buf/nsi_cmdline_common##7abed247a91888419f2cf3e5df0e7902.gcov.json.gz is included (trace)...
(DEBUG)   No filter matched.
(DEBUG) --> File is excluded.
(DEBUG) Check if /home/shohem/Documents/dev/deps/zephyr/scripts/native_simulator/native/src/nsi_cmdline_common.c is included (source file)...
(DEBUG)   No filter matched.
(DEBUG) --> File is excluded.
(DEBUG) Check if /home/shohem/Documents/dev/zephyr-course/twister-out/native_sim_native/host/homework.unit.ring_buf/zephyr/NSI/native/src/nsi_trace.gcda is included (trace)...
(DEBUG)   No filter matched.
(DEBUG) --> File is excluded.
(DEBUG) Check if /home/shohem/Documents/dev/zephyr-course/twister-out/native_sim_native/host/homework.unit.ring_buf/zephyr/NSI/native/src/nsi_trace.gcda is included (trace)...
(DEBUG) --> File is excluded.
(DEBUG) Check if nsi_trace##435b7abd7a3ce6463ce497bd52d49b21.gcov.json.gz is included (gcov file)...
(DEBUG)   Filter AlwaysMatchFilter() matched.
(DEBUG) --> File is included.
(DEBUG) Check if /home/shohem/Documents/dev/zephyr-course/app/modules/ring_buf/nsi_trace##435b7abd7a3ce6463ce497bd52d49b21.gcov.json.gz is included (trace)...
(DEBUG)   No filter matched.
(DEBUG) --> File is excluded.
(DEBUG) Check if /home/shohem/Documents/dev/deps/zephyr/scripts/native_simulator/native/src/nsi_trace.c is included (source file)...
(DEBUG)   No filter matched.
(DEBUG) --> File is excluded.
(DEBUG) Check if /home/shohem/Documents/dev/zephyr-course/twister-out/native_sim_native/host/homework.unit.ring_buf/zephyr/NSI/native/src/timer_model.gcda is included (trace)...
(DEBUG)   No filter matched.
(DEBUG) --> File is excluded.
(DEBUG) Check if /home/shohem/Documents/dev/zephyr-course/twister-out/native_sim_native/host/homework.unit.ring_buf/zephyr/NSI/native/src/timer_model.gcda is included (trace)...
(DEBUG) --> File is excluded.
(DEBUG) Check if timer_model##fc5ea29a598efe971c87a9155e1ebdf2.gcov.json.gz is included (gcov file)...
(DEBUG)   Filter AlwaysMatchFilter() matched.
(DEBUG) --> File is included.
(DEBUG) Check if /home/shohem/Documents/dev/zephyr-course/app/modules/ring_buf/timer_model##fc5ea29a598efe971c87a9155e1ebdf2.gcov.json.gz is included (trace)...
(DEBUG)   No filter matched.
(DEBUG) --> File is excluded.
(DEBUG) Check if /home/shohem/Documents/dev/deps/zephyr/scripts/native_simulator/native/src/timer_model.c is included (source file)...
(DEBUG)   No filter matched.
(DEBUG) --> File is excluded.
(DEBUG) Check if /home/shohem/Documents/dev/deps/zephyr/scripts/native_simulator/common/src/include/nsi_hw_scheduler.h is included (source file)...
(DEBUG) --> File is excluded.
(DEBUG) Check if /home/shohem/Documents/dev/zephyr-course/twister-out/native_sim_native/host/homework.unit.ring_buf/zephyr/arch/arch/posix/core/CMakeFiles/arch__posix__core.dir/cpuhalt.c.gcda is included (trace)...
(DEBUG)   No filter matched.
(DEBUG) --> File is excluded.
(DEBUG) Check if /home/shohem/Documents/dev/zephyr-course/twister-out/native_sim_native/host/homework.unit.ring_buf/zephyr/arch/arch/posix/core/CMakeFiles/arch__posix__core.dir/cpuhalt.c.gcda is included (trace)...
(DEBUG) --> File is excluded.
(DEBUG) Check if cpuhalt.c##c7ffdecce52a82a33621bb606f2d8b58.gcov.json.gz is included (gcov file)...
(DEBUG)   Filter AlwaysMatchFilter() matched.
(DEBUG) --> File is included.
(DEBUG) Check if /home/shohem/Documents/dev/zephyr-course/app/modules/ring_buf/cpuhalt.c##c7ffdecce52a82a33621bb606f2d8b58.gcov.json.gz is included (trace)...
(DEBUG)   No filter matched.
(DEBUG) --> File is excluded.
(DEBUG) Check if /home/shohem/Documents/dev/deps/zephyr/arch/posix/core/cpuhalt.c is included (source file)...
(DEBUG)   No filter matched.
(DEBUG) --> File is excluded.
(DEBUG) Check if /home/shohem/Documents/dev/zephyr-course/twister-out/native_sim_native/host/homework.unit.ring_buf/zephyr/arch/arch/posix/core/CMakeFiles/arch__posix__core.dir/fatal.c.gcda is included (trace)...
(DEBUG)   No filter matched.
(DEBUG) --> File is excluded.
(DEBUG) Check if /home/shohem/Documents/dev/zephyr-course/twister-out/native_sim_native/host/homework.unit.ring_buf/zephyr/arch/arch/posix/core/CMakeFiles/arch__posix__core.dir/fatal.c.gcda is included (trace)...
(DEBUG) --> File is excluded.
(DEBUG) Check if fatal.c##d97af66156e1214d85008a5c4e5ba6fa.gcov.json.gz is included (gcov file)...
(DEBUG)   Filter AlwaysMatchFilter() matched.
(DEBUG) --> File is included.
(DEBUG) Check if /home/shohem/Documents/dev/zephyr-course/app/modules/ring_buf/fatal.c##d97af66156e1214d85008a5c4e5ba6fa.gcov.json.gz is included (trace)...
(DEBUG)   No filter matched.
(DEBUG) --> File is excluded.
(DEBUG) Check if /home/shohem/Documents/dev/deps/zephyr/arch/posix/core/fatal.c is included (source file)...
(DEBUG)   No filter matched.
(DEBUG) --> File is excluded.
(DEBUG) Check if /home/shohem/Documents/dev/zephyr-course/twister-out/native_sim_native/host/homework.unit.ring_buf/zephyr/arch/arch/posix/core/CMakeFiles/arch__posix__core.dir/irq.c.gcda is included (trace)...
(DEBUG)   No filter matched.
(DEBUG) --> File is excluded.
(DEBUG) Check if /home/shohem/Documents/dev/zephyr-course/twister-out/native_sim_native/host/homework.unit.ring_buf/zephyr/arch/arch/posix/core/CMakeFiles/arch__posix__core.dir/irq.c.gcda is included (trace)...
(DEBUG) --> File is excluded.
(DEBUG) Check if irq.c##89cf20d0fcc84eec2d97647d722193e0.gcov.json.gz is included (gcov file)...
(DEBUG)   Filter AlwaysMatchFilter() matched.
(DEBUG) --> File is included.
(DEBUG) Check if /home/shohem/Documents/dev/zephyr-course/app/modules/ring_buf/irq.c##89cf20d0fcc84eec2d97647d722193e0.gcov.json.gz is included (trace)...
(DEBUG)   No filter matched.
(DEBUG) --> File is excluded.
(DEBUG) Check if /home/shohem/Documents/dev/deps/zephyr/arch/posix/core/irq.c is included (source file)...
(DEBUG)   No filter matched.
(DEBUG) --> File is excluded.
(DEBUG) Check if /home/shohem/Documents/dev/zephyr-course/twister-out/native_sim_native/host/homework.unit.ring_buf/zephyr/arch/arch/posix/core/CMakeFiles/arch__posix__core.dir/posix_core_nsi.c.gcda is included (trace)...
(DEBUG)   No filter matched.
(DEBUG) --> File is excluded.
(DEBUG) Check if /home/shohem/Documents/dev/zephyr-course/twister-out/native_sim_native/host/homework.unit.ring_buf/zephyr/arch/arch/posix/core/CMakeFiles/arch__posix__core.dir/posix_core_nsi.c.gcda is included (trace)...
(DEBUG) --> File is excluded.
(DEBUG) Check if posix_core_nsi.c##a5a49441bcccd81970e93aabcbe8b1cf.gcov.json.gz is included (gcov file)...
(DEBUG)   Filter AlwaysMatchFilter() matched.
(DEBUG) --> File is included.
(DEBUG) Check if /home/shohem/Documents/dev/zephyr-course/app/modules/ring_buf/posix_core_nsi.c##a5a49441bcccd81970e93aabcbe8b1cf.gcov.json.gz is included (trace)...
(DEBUG)   No filter matched.
(DEBUG) --> File is excluded.
(DEBUG) Check if /home/shohem/Documents/dev/deps/zephyr/arch/posix/core/posix_core_nsi.c is included (source file)...
(DEBUG)   No filter matched.
(DEBUG) --> File is excluded.
(DEBUG) Check if /home/shohem/Documents/dev/zephyr-course/twister-out/native_sim_native/host/homework.unit.ring_buf/zephyr/arch/arch/posix/core/CMakeFiles/arch__posix__core.dir/swap.c.gcda is included (trace)...
(DEBUG)   No filter matched.
(DEBUG) --> File is excluded.
(DEBUG) Check if /home/shohem/Documents/dev/zephyr-course/twister-out/native_sim_native/host/homework.unit.ring_buf/zephyr/arch/arch/posix/core/CMakeFiles/arch__posix__core.dir/swap.c.gcda is included (trace)...
(DEBUG) --> File is excluded.
(DEBUG) Check if swap.c##cf186578e8f01a2979c8a1d1057a7ddb.gcov.json.gz is included (gcov file)...
(DEBUG)   Filter AlwaysMatchFilter() matched.
(DEBUG) --> File is included.
(DEBUG) Check if /home/shohem/Documents/dev/zephyr-course/app/modules/ring_buf/swap.c##cf186578e8f01a2979c8a1d1057a7ddb.gcov.json.gz is included (trace)...
(DEBUG)   No filter matched.
(DEBUG) --> File is excluded.
(DEBUG) Check if /home/shohem/Documents/dev/deps/zephyr/arch/posix/core/swap.c is included (source file)...
(DEBUG)   No filter matched.
(DEBUG) --> File is excluded.
(DEBUG) Check if /home/shohem/Documents/dev/deps/zephyr/include/zephyr/arch/posix/arch.h is included (source file)...
(DEBUG) --> File is excluded.
(DEBUG) Check if /home/shohem/Documents/dev/zephyr-course/twister-out/native_sim_native/host/homework.unit.ring_buf/zephyr/arch/arch/posix/core/CMakeFiles/arch__posix__core.dir/thread.c.gcda is included (trace)...
(DEBUG)   No filter matched.
(DEBUG) --> File is excluded.
(DEBUG) Check if /home/shohem/Documents/dev/zephyr-course/twister-out/native_sim_native/host/homework.unit.ring_buf/zephyr/arch/arch/posix/core/CMakeFiles/arch__posix__core.dir/thread.c.gcda is included (trace)...
(DEBUG) --> File is excluded.
(DEBUG) Check if thread.c##5453ce1644146e2452c2444c6a232a64.gcov.json.gz is included (gcov file)...
(DEBUG)   Filter AlwaysMatchFilter() matched.
(DEBUG) --> File is included.
(DEBUG) Check if /home/shohem/Documents/dev/zephyr-course/app/modules/ring_buf/thread.c##5453ce1644146e2452c2444c6a232a64.gcov.json.gz is included (trace)...
(DEBUG)   No filter matched.
(DEBUG) --> File is excluded.
(DEBUG) Check if /home/shohem/Documents/dev/deps/zephyr/arch/posix/core/thread.c is included (source file)...
(DEBUG)   No filter matched.
(DEBUG) --> File is excluded.
(DEBUG) Check if /home/shohem/Documents/dev/deps/zephyr/include/zephyr/arch/posix/arch.h is included (source file)...
(DEBUG) --> File is excluded.
(DEBUG) Check if /home/shohem/Documents/dev/zephyr-course/twister-out/native_sim_native/host/homework.unit.ring_buf/zephyr/boards/native/native_sim/CMakeFiles/boards__native__native_sim.dir/cmdline.c.gcda is included (trace)...
(DEBUG)   No filter matched.
(DEBUG) --> File is excluded.
(DEBUG) Check if /home/shohem/Documents/dev/zephyr-course/twister-out/native_sim_native/host/homework.unit.ring_buf/zephyr/boards/native/native_sim/CMakeFiles/boards__native__native_sim.dir/cmdline.c.gcda is included (trace)...
(DEBUG) --> File is excluded.
(DEBUG) Check if cmdline.c##9fa3e182b1bd6016ab00c92ac147095d.gcov.json.gz is included (gcov file)...
(DEBUG)   Filter AlwaysMatchFilter() matched.
(DEBUG) --> File is included.
(DEBUG) Check if /home/shohem/Documents/dev/zephyr-course/app/modules/ring_buf/cmdline.c##9fa3e182b1bd6016ab00c92ac147095d.gcov.json.gz is included (trace)...
(DEBUG)   No filter matched.
(DEBUG) --> File is excluded.
(DEBUG) Check if /home/shohem/Documents/dev/deps/zephyr/boards/native/native_sim/cmdline.c is included (source file)...
(DEBUG)   No filter matched.
(DEBUG) --> File is excluded.
(DEBUG) Check if /home/shohem/Documents/dev/zephyr-course/twister-out/native_sim_native/host/homework.unit.ring_buf/zephyr/boards/native/native_sim/CMakeFiles/boards__native__native_sim.dir/cpu_wait.c.gcda is included (trace)...
(DEBUG)   No filter matched.
(DEBUG) --> File is excluded.
(DEBUG) Check if /home/shohem/Documents/dev/zephyr-course/twister-out/native_sim_native/host/homework.unit.ring_buf/zephyr/boards/native/native_sim/CMakeFiles/boards__native__native_sim.dir/cpu_wait.c.gcda is included (trace)...
(DEBUG) --> File is excluded.
(DEBUG) Check if cpu_wait.c##1b18dc6e3f5589c6c2b49e613ff6252e.gcov.json.gz is included (gcov file)...
(DEBUG)   Filter AlwaysMatchFilter() matched.
(DEBUG) --> File is included.
(DEBUG) Check if /home/shohem/Documents/dev/zephyr-course/app/modules/ring_buf/cpu_wait.c##1b18dc6e3f5589c6c2b49e613ff6252e.gcov.json.gz is included (trace)...
(DEBUG)   No filter matched.
(DEBUG) --> File is excluded.
(DEBUG) Check if /home/shohem/Documents/dev/deps/zephyr/boards/native/native_sim/cpu_wait.c is included (source file)...
(DEBUG)   No filter matched.
(DEBUG) --> File is excluded.
(DEBUG) Check if /home/shohem/Documents/dev/deps/zephyr/scripts/native_simulator/common/src/include/nsi_hw_scheduler.h is included (source file)...
(DEBUG) --> File is excluded.
(DEBUG) Check if /home/shohem/Documents/dev/zephyr-course/twister-out/native_sim_native/host/homework.unit.ring_buf/zephyr/boards/native/native_sim/CMakeFiles/boards__native__native_sim.dir/irq_handler.c.gcda is included (trace)...
(DEBUG)   No filter matched.
(DEBUG) --> File is excluded.
(DEBUG) Check if /home/shohem/Documents/dev/zephyr-course/twister-out/native_sim_native/host/homework.unit.ring_buf/zephyr/boards/native/native_sim/CMakeFiles/boards__native__native_sim.dir/irq_handler.c.gcda is included (trace)...
(DEBUG) --> File is excluded.
(DEBUG) Check if irq_handler.c##1b52a806394d9cce9821c45102dad10c.gcov.json.gz is included (gcov file)...
(DEBUG)   Filter AlwaysMatchFilter() matched.
(DEBUG) --> File is included.
(DEBUG) Check if /home/shohem/Documents/dev/zephyr-course/app/modules/ring_buf/irq_handler.c##1b52a806394d9cce9821c45102dad10c.gcov.json.gz is included (trace)...
(DEBUG)   No filter matched.
(DEBUG) --> File is excluded.
(DEBUG) Check if /home/shohem/Documents/dev/deps/zephyr/boards/native/native_sim/irq_handler.c is included (source file)...
(DEBUG)   No filter matched.
(DEBUG) --> File is excluded.
(DEBUG) Check if /home/shohem/Documents/dev/deps/zephyr/kernel/include/kswap.h is included (source file)...
(DEBUG)   No filter matched.
(DEBUG) --> File is excluded.
(DEBUG) Check if /home/shohem/Documents/dev/zephyr-course/twister-out/native_sim_native/host/homework.unit.ring_buf/zephyr/boards/native/native_sim/CMakeFiles/boards__native__native_sim.dir/misc.c.gcno is included (trace)...
(DEBUG)   No filter matched.
(DEBUG) --> File is excluded.
(DEBUG) Check if /home/shohem/Documents/dev/zephyr-course/twister-out/native_sim_native/host/homework.unit.ring_buf/zephyr/boards/native/native_sim/CMakeFiles/boards__native__native_sim.dir/misc.c.gcno is included (trace)...
(DEBUG) --> File is excluded.
(DEBUG) Check if misc.c##c9751cf5931e1580d6206df1243c71b1.gcov.json.gz is included (gcov file)...
(DEBUG)   Filter AlwaysMatchFilter() matched.
(DEBUG) --> File is included.
(DEBUG) Check if /home/shohem/Documents/dev/zephyr-course/app/modules/ring_buf/misc.c##c9751cf5931e1580d6206df1243c71b1.gcov.json.gz is included (trace)...
(DEBUG)   No filter matched.
(DEBUG) --> File is excluded.
(DEBUG) Check if /home/shohem/Documents/dev/zephyr-course/twister-out/native_sim_native/host/homework.unit.ring_buf/zephyr/boards/native/native_sim/CMakeFiles/boards__native__native_sim.dir/nsi_if.c.gcda is included (trace)...
(DEBUG)   No filter matched.
(DEBUG) --> File is excluded.
(DEBUG) Check if /home/shohem/Documents/dev/zephyr-course/twister-out/native_sim_native/host/homework.unit.ring_buf/zephyr/boards/native/native_sim/CMakeFiles/boards__native__native_sim.dir/nsi_if.c.gcda is included (trace)...
(DEBUG) --> File is excluded.
(DEBUG) Check if nsi_if.c##1821a97e14a5639bc94255534cfa1ed3.gcov.json.gz is included (gcov file)...
(DEBUG)   Filter AlwaysMatchFilter() matched.
(DEBUG) --> File is included.
(DEBUG) Check if /home/shohem/Documents/dev/zephyr-course/app/modules/ring_buf/nsi_if.c##1821a97e14a5639bc94255534cfa1ed3.gcov.json.gz is included (trace)...
(DEBUG)   No filter matched.
(DEBUG) --> File is excluded.
(DEBUG) Check if /home/shohem/Documents/dev/deps/zephyr/boards/native/native_sim/nsi_if.c is included (source file)...
(DEBUG)   No filter matched.
(DEBUG) --> File is excluded.
(DEBUG) Check if /home/shohem/Documents/dev/zephyr-course/twister-out/native_sim_native/host/homework.unit.ring_buf/zephyr/boards/native/native_sim/CMakeFiles/boards__native__native_sim.dir/posix_arch_if.c.gcda is included (trace)...
(DEBUG)   No filter matched.
(DEBUG) --> File is excluded.
(DEBUG) Check if /home/shohem/Documents/dev/zephyr-course/twister-out/native_sim_native/host/homework.unit.ring_buf/zephyr/boards/native/native_sim/CMakeFiles/boards__native__native_sim.dir/posix_arch_if.c.gcda is included (trace)...
(DEBUG) --> File is excluded.
(DEBUG) Check if posix_arch_if.c##c972638eb028e492ac7663fec7dc81cb.gcov.json.gz is included (gcov file)...
(DEBUG)   Filter AlwaysMatchFilter() matched.
(DEBUG) --> File is included.
(DEBUG) Check if /home/shohem/Documents/dev/zephyr-course/app/modules/ring_buf/posix_arch_if.c##c972638eb028e492ac7663fec7dc81cb.gcov.json.gz is included (trace)...
(DEBUG)   No filter matched.
(DEBUG) --> File is excluded.
(DEBUG) Check if /home/shohem/Documents/dev/deps/zephyr/boards/native/native_sim/posix_arch_if.c is included (source file)...
(DEBUG)   No filter matched.
(DEBUG) --> File is excluded.
(DEBUG) Check if /home/shohem/Documents/dev/deps/zephyr/scripts/native_simulator/common/src/include/nsi_hw_scheduler.h is included (source file)...
(DEBUG) --> File is excluded.
(DEBUG) Check if /home/shohem/Documents/dev/zephyr-course/twister-out/native_sim_native/host/homework.unit.ring_buf/zephyr/drivers/console/CMakeFiles/drivers__console.dir/posix_arch_console.c.gcda is included (trace)...
(DEBUG)   No filter matched.
(DEBUG) --> File is excluded.
(DEBUG) Check if /home/shohem/Documents/dev/zephyr-course/twister-out/native_sim_native/host/homework.unit.ring_buf/zephyr/drivers/console/CMakeFiles/drivers__console.dir/posix_arch_console.c.gcda is included (trace)...
(DEBUG) --> File is excluded.
(DEBUG) Check if posix_arch_console.c##2ea7ef67fe431dd92e1de04557cc3ce1.gcov.json.gz is included (gcov file)...
(DEBUG)   Filter AlwaysMatchFilter() matched.
(DEBUG) --> File is included.
(DEBUG) Check if /home/shohem/Documents/dev/zephyr-course/app/modules/ring_buf/posix_arch_console.c##2ea7ef67fe431dd92e1de04557cc3ce1.gcov.json.gz is included (trace)...
(DEBUG)   No filter matched.
(DEBUG) --> File is excluded.
(DEBUG) Check if /home/shohem/Documents/dev/deps/zephyr/drivers/console/posix_arch_console.c is included (source file)...
(DEBUG)   No filter matched.
(DEBUG) --> File is excluded.
(DEBUG) Check if /home/shohem/Documents/dev/zephyr-course/twister-out/native_sim_native/host/homework.unit.ring_buf/zephyr/drivers/timer/CMakeFiles/drivers__timer.dir/native_sim_timer.c.gcda is included (trace)...
(DEBUG)   No filter matched.
(DEBUG) --> File is excluded.
(DEBUG) Check if /home/shohem/Documents/dev/zephyr-course/twister-out/native_sim_native/host/homework.unit.ring_buf/zephyr/drivers/timer/CMakeFiles/drivers__timer.dir/native_sim_timer.c.gcda is included (trace)...
(DEBUG) --> File is excluded.
(DEBUG) Check if native_sim_timer.c##91f13f76f9fafc9074bc506d145930a5.gcov.json.gz is included (gcov file)...
(DEBUG)   Filter AlwaysMatchFilter() matched.
(DEBUG) --> File is included.
(DEBUG) Check if /home/shohem/Documents/dev/zephyr-course/app/modules/ring_buf/native_sim_timer.c##91f13f76f9fafc9074bc506d145930a5.gcov.json.gz is included (trace)...
(DEBUG)   No filter matched.
(DEBUG) --> File is excluded.
(DEBUG) Check if /home/shohem/Documents/dev/deps/zephyr/drivers/timer/native_sim_timer.c is included (source file)...
(DEBUG)   No filter matched.
(DEBUG) --> File is excluded.
(DEBUG) Check if /home/shohem/Documents/dev/deps/zephyr/scripts/native_simulator/common/src/include/nsi_hw_scheduler.h is included (source file)...
(DEBUG) --> File is excluded.
(DEBUG) Check if /home/shohem/Documents/dev/zephyr-course/twister-out/native_sim_native/host/homework.unit.ring_buf/zephyr/drivers/timer/CMakeFiles/drivers__timer.dir/sys_clock_init.c.gcda is included (trace)...
(DEBUG)   No filter matched.
(DEBUG) --> File is excluded.
(DEBUG) Check if /home/shohem/Documents/dev/zephyr-course/twister-out/native_sim_native/host/homework.unit.ring_buf/zephyr/drivers/timer/CMakeFiles/drivers__timer.dir/sys_clock_init.c.gcda is included (trace)...
(DEBUG) --> File is excluded.
(DEBUG) Check if sys_clock_init.c##19da55ca14aaaad668456f8af97077c1.gcov.json.gz is included (gcov file)...
(DEBUG)   Filter AlwaysMatchFilter() matched.
(DEBUG) --> File is included.
(DEBUG) Check if /home/shohem/Documents/dev/zephyr-course/app/modules/ring_buf/sys_clock_init.c##19da55ca14aaaad668456f8af97077c1.gcov.json.gz is included (trace)...
(DEBUG)   No filter matched.
(DEBUG) --> File is excluded.
(DEBUG) Check if /home/shohem/Documents/dev/deps/zephyr/drivers/timer/sys_clock_init.c is included (source file)...
(DEBUG)   No filter matched.
(DEBUG) --> File is excluded.
(DEBUG) Check if /home/shohem/Documents/dev/zephyr-course/twister-out/native_sim_native/host/homework.unit.ring_buf/zephyr/kernel/CMakeFiles/kernel.dir/banner.c.gcda is included (trace)...
(DEBUG)   No filter matched.
(DEBUG) --> File is excluded.
(DEBUG) Check if /home/shohem/Documents/dev/zephyr-course/twister-out/native_sim_native/host/homework.unit.ring_buf/zephyr/kernel/CMakeFiles/kernel.dir/banner.c.gcda is included (trace)...
(DEBUG) --> File is excluded.
(DEBUG) Check if banner.c##70674b5cf38ce94ff42f88adcf6e547d.gcov.json.gz is included (gcov file)...
(DEBUG)   Filter AlwaysMatchFilter() matched.
(DEBUG) --> File is included.
(DEBUG) Check if /home/shohem/Documents/dev/zephyr-course/app/modules/ring_buf/banner.c##70674b5cf38ce94ff42f88adcf6e547d.gcov.json.gz is included (trace)...
(DEBUG)   No filter matched.
(DEBUG) --> File is excluded.
(DEBUG) Check if /home/shohem/Documents/dev/deps/zephyr/kernel/banner.c is included (source file)...
(DEBUG)   No filter matched.
(DEBUG) --> File is excluded.
(DEBUG) Check if /home/shohem/Documents/dev/zephyr-course/twister-out/native_sim_native/host/homework.unit.ring_buf/zephyr/kernel/CMakeFiles/kernel.dir/busy_wait.c.gcno is included (trace)...
(DEBUG)   No filter matched.
(DEBUG) --> File is excluded.
(DEBUG) Check if /home/shohem/Documents/dev/zephyr-course/twister-out/native_sim_native/host/homework.unit.ring_buf/zephyr/kernel/CMakeFiles/kernel.dir/busy_wait.c.gcno is included (trace)...
(DEBUG) --> File is excluded.
(DEBUG) Check if busy_wait.c##379c12157687091cc038aa8bf08f4104.gcov.json.gz is included (gcov file)...
(DEBUG)   Filter AlwaysMatchFilter() matched.
(DEBUG) --> File is included.
(DEBUG) Check if /home/shohem/Documents/dev/zephyr-course/app/modules/ring_buf/busy_wait.c##379c12157687091cc038aa8bf08f4104.gcov.json.gz is included (trace)...
(DEBUG)   No filter matched.
(DEBUG) --> File is excluded.
(DEBUG) Check if /home/shohem/Documents/dev/deps/zephyr/kernel/busy_wait.c is included (source file)...
(DEBUG)   No filter matched.
(DEBUG) --> File is excluded.
(DEBUG) Check if /home/shohem/Documents/dev/zephyr-course/twister-out/native_sim_native/host/homework.unit.ring_buf/zephyr/kernel/CMakeFiles/kernel.dir/condvar.c.gcno is included (trace)...
(DEBUG)   No filter matched.
(DEBUG) --> File is excluded.
(DEBUG) Check if /home/shohem/Documents/dev/zephyr-course/twister-out/native_sim_native/host/homework.unit.ring_buf/zephyr/kernel/CMakeFiles/kernel.dir/condvar.c.gcno is included (trace)...
(DEBUG) --> File is excluded.
(DEBUG) Check if condvar.c##8338f0735ea08482c1fad80e09e4a821.gcov.json.gz is included (gcov file)...
(DEBUG)   Filter AlwaysMatchFilter() matched.
(DEBUG) --> File is included.
(DEBUG) Check if /home/shohem/Documents/dev/zephyr-course/app/modules/ring_buf/condvar.c##8338f0735ea08482c1fad80e09e4a821.gcov.json.gz is included (trace)...
(DEBUG)   No filter matched.
(DEBUG) --> File is excluded.
(DEBUG) Check if /home/shohem/Documents/dev/deps/zephyr/kernel/condvar.c is included (source file)...
(DEBUG)   No filter matched.
(DEBUG) --> File is excluded.
(DEBUG) Check if /home/shohem/Documents/dev/deps/zephyr/kernel/include/wait_q.h is included (source file)...
(DEBUG)   No filter matched.
(DEBUG) --> File is excluded.
(DEBUG) Check if /home/shohem/Documents/dev/deps/zephyr/kernel/include/ksched.h is included (source file)...
(DEBUG)   No filter matched.
(DEBUG) --> File is excluded.
(DEBUG) Check if /home/shohem/Documents/dev/deps/zephyr/kernel/include/priority_q.h is included (source file)...
(DEBUG)   No filter matched.
(DEBUG) --> File is excluded.
(DEBUG) Check if /home/shohem/Documents/dev/deps/zephyr/kernel/include/kthread.h is included (source file)...
(DEBUG)   No filter matched.
(DEBUG) --> File is excluded.
(DEBUG) Check if /home/shohem/Documents/dev/deps/zephyr/kernel/include/timeout_q.h is included (source file)...
(DEBUG)   No filter matched.
(DEBUG) --> File is excluded.
(DEBUG) Check if /home/shohem/Documents/dev/deps/zephyr/arch/posix/include/kernel_arch_func.h is included (source file)...
(DEBUG)   No filter matched.
(DEBUG) --> File is excluded.
(DEBUG) Check if /home/shohem/Documents/dev/zephyr-course/twister-out/native_sim_native/host/homework.unit.ring_buf/zephyr/include/generated/zephyr/syscalls/kernel.h is included (source file)...
(DEBUG) --> File is excluded.
(DEBUG) Check if /home/shohem/Documents/dev/deps/zephyr/include/zephyr/sys/internal/kobject_internal.h is included (source file)...
(DEBUG)   No filter matched.
(DEBUG) --> File is excluded.
(DEBUG) Check if /home/shohem/Documents/dev/deps/zephyr/include/zephyr/spinlock.h is included (source file)...
(DEBUG) --> File is excluded.
(DEBUG) Check if /home/shohem/Documents/dev/deps/zephyr/include/zephyr/arch/posix/arch.h is included (source file)...
(DEBUG) --> File is excluded.
(DEBUG) Check if /home/shohem/Documents/dev/deps/zephyr/include/zephyr/sys/dlist.h is included (source file)...
(DEBUG)   No filter matched.
(DEBUG) --> File is excluded.
(DEBUG) Check if /home/shohem/Documents/dev/zephyr-course/twister-out/native_sim_native/host/homework.unit.ring_buf/zephyr/kernel/CMakeFiles/kernel.dir/device.c.gcda is included (trace)...
(DEBUG)   No filter matched.
(DEBUG) --> File is excluded.
(DEBUG) Check if /home/shohem/Documents/dev/zephyr-course/twister-out/native_sim_native/host/homework.unit.ring_buf/zephyr/kernel/CMakeFiles/kernel.dir/device.c.gcda is included (trace)...
(DEBUG) --> File is excluded.
(DEBUG) Check if device.c##45459339083ac40fc14074b0239c44c1.gcov.json.gz is included (gcov file)...
(DEBUG)   Filter AlwaysMatchFilter() matched.
(DEBUG) --> File is included.
(DEBUG) Check if /home/shohem/Documents/dev/zephyr-course/app/modules/ring_buf/device.c##45459339083ac40fc14074b0239c44c1.gcov.json.gz is included (trace)...
(DEBUG)   No filter matched.
(DEBUG) --> File is excluded.
(DEBUG) Check if /home/shohem/Documents/dev/deps/zephyr/kernel/device.c is included (source file)...
(DEBUG)   No filter matched.
(DEBUG) --> File is excluded.
(DEBUG) Check if /home/shohem/Documents/dev/deps/zephyr/include/zephyr/sys/internal/kobject_internal.h is included (source file)...
(DEBUG) --> File is excluded.
(DEBUG) Check if /home/shohem/Documents/dev/zephyr-course/twister-out/native_sim_native/host/homework.unit.ring_buf/zephyr/kernel/CMakeFiles/kernel.dir/dynamic_disabled.c.gcno is included (trace)...
(DEBUG)   No filter matched.
(DEBUG) --> File is excluded.
(DEBUG) Check if /home/shohem/Documents/dev/zephyr-course/twister-out/native_sim_native/host/homework.unit.ring_buf/zephyr/kernel/CMakeFiles/kernel.dir/dynamic_disabled.c.gcno is included (trace)...
(DEBUG) --> File is excluded.
(DEBUG) Check if dynamic_disabled.c##935a0b31520a412578df5ede55944b45.gcov.json.gz is included (gcov file)...
(DEBUG)   Filter AlwaysMatchFilter() matched.
(DEBUG) --> File is included.
(DEBUG) Check if /home/shohem/Documents/dev/zephyr-course/app/modules/ring_buf/dynamic_disabled.c##935a0b31520a412578df5ede55944b45.gcov.json.gz is included (trace)...
(DEBUG)   No filter matched.
(DEBUG) --> File is excluded.
(DEBUG) Check if /home/shohem/Documents/dev/deps/zephyr/kernel/dynamic_disabled.c is included (source file)...
(DEBUG)   No filter matched.
(DEBUG) --> File is excluded.
(DEBUG) Check if /home/shohem/Documents/dev/zephyr-course/twister-out/native_sim_native/host/homework.unit.ring_buf/zephyr/kernel/CMakeFiles/kernel.dir/errno.c.gcno is included (trace)...
(DEBUG)   No filter matched.
(DEBUG) --> File is excluded.
(DEBUG) Check if /home/shohem/Documents/dev/zephyr-course/twister-out/native_sim_native/host/homework.unit.ring_buf/zephyr/kernel/CMakeFiles/kernel.dir/errno.c.gcno is included (trace)...
(DEBUG) --> File is excluded.
(DEBUG) Check if errno.c##7e5a2a423da6231a6539cc21899b8985.gcov.json.gz is included (gcov file)...
(DEBUG)   Filter AlwaysMatchFilter() matched.
(DEBUG) --> File is included.
(DEBUG) Check if /home/shohem/Documents/dev/zephyr-course/app/modules/ring_buf/errno.c##7e5a2a423da6231a6539cc21899b8985.gcov.json.gz is included (trace)...
(DEBUG)   No filter matched.
(DEBUG) --> File is excluded.
(DEBUG) Check if /home/shohem/Documents/dev/deps/zephyr/kernel/errno.c is included (source file)...
(DEBUG)   No filter matched.
(DEBUG) --> File is excluded.
(DEBUG) Check if /home/shohem/Documents/dev/zephyr-course/twister-out/native_sim_native/host/homework.unit.ring_buf/zephyr/kernel/CMakeFiles/kernel.dir/fatal.c.gcda is included (trace)...
(DEBUG)   No filter matched.
(DEBUG) --> File is excluded.
(DEBUG) Check if /home/shohem/Documents/dev/zephyr-course/twister-out/native_sim_native/host/homework.unit.ring_buf/zephyr/kernel/CMakeFiles/kernel.dir/fatal.c.gcda is included (trace)...
(DEBUG) --> File is excluded.
(DEBUG) Check if fatal.c##f06ee79b80b7322a54015f3c31d93d0a.gcov.json.gz is included (gcov file)...
(DEBUG)   Filter AlwaysMatchFilter() matched.
(DEBUG) --> File is included.
(DEBUG) Check if /home/shohem/Documents/dev/zephyr-course/app/modules/ring_buf/fatal.c##f06ee79b80b7322a54015f3c31d93d0a.gcov.json.gz is included (trace)...
(DEBUG)   No filter matched.
(DEBUG) --> File is excluded.
(DEBUG) Check if /home/shohem/Documents/dev/deps/zephyr/kernel/fatal.c is included (source file)...
(DEBUG)   No filter matched.
(DEBUG) --> File is excluded.
(DEBUG) Check if /home/shohem/Documents/dev/deps/zephyr/include/zephyr/debug/coredump.h is included (source file)...
(DEBUG)   No filter matched.
(DEBUG) --> File is excluded.
(DEBUG) Check if /home/shohem/Documents/dev/zephyr-course/twister-out/native_sim_native/host/homework.unit.ring_buf/zephyr/include/generated/zephyr/syscalls/log_ctrl.h is included (source file)...
(DEBUG) --> File is excluded.
(DEBUG) Check if /home/shohem/Documents/dev/deps/zephyr/include/zephyr/logging/log_msg.h is included (source file)...
(DEBUG) --> File is excluded.
(DEBUG) Check if /home/shohem/Documents/dev/zephyr-course/twister-out/native_sim_native/host/homework.unit.ring_buf/zephyr/include/generated/zephyr/syscalls/kernel.h is included (source file)...
(DEBUG) --> File is excluded.
(DEBUG) Check if /home/shohem/Documents/dev/deps/zephyr/include/zephyr/arch/posix/arch.h is included (source file)...
(DEBUG) --> File is excluded.
(DEBUG) Check if /home/shohem/Documents/dev/zephyr-course/twister-out/native_sim_native/host/homework.unit.ring_buf/zephyr/kernel/CMakeFiles/kernel.dir/float.c.gcno is included (trace)...
(DEBUG)   No filter matched.
(DEBUG) --> File is excluded.
(DEBUG) Check if /home/shohem/Documents/dev/zephyr-course/twister-out/native_sim_native/host/homework.unit.ring_buf/zephyr/kernel/CMakeFiles/kernel.dir/float.c.gcno is included (trace)...
(DEBUG) --> File is excluded.
(DEBUG) Check if float.c##f4b2a5471f0ed0326c943fa6dae4bd51.gcov.json.gz is included (gcov file)...
(DEBUG)   Filter AlwaysMatchFilter() matched.
(DEBUG) --> File is included.
(DEBUG) Check if /home/shohem/Documents/dev/zephyr-course/app/modules/ring_buf/float.c##f4b2a5471f0ed0326c943fa6dae4bd51.gcov.json.gz is included (trace)...
(DEBUG)   No filter matched.
(DEBUG) --> File is excluded.
(DEBUG) Check if /home/shohem/Documents/dev/deps/zephyr/kernel/float.c is included (source file)...
(DEBUG)   No filter matched.
(DEBUG) --> File is excluded.
(DEBUG) Check if /home/shohem/Documents/dev/zephyr-course/twister-out/native_sim_native/host/homework.unit.ring_buf/zephyr/kernel/CMakeFiles/kernel.dir/idle.c.gcda is included (trace)...
(DEBUG)   No filter matched.
(DEBUG) --> File is excluded.
(DEBUG) Check if /home/shohem/Documents/dev/zephyr-course/twister-out/native_sim_native/host/homework.unit.ring_buf/zephyr/kernel/CMakeFiles/kernel.dir/idle.c.gcda is included (trace)...
(DEBUG) --> File is excluded.
(DEBUG) Check if idle.c##db5ec4a331815dcd1d1a69a13513249c.gcov.json.gz is included (gcov file)...
(DEBUG)   Filter AlwaysMatchFilter() matched.
(DEBUG) --> File is included.
(DEBUG) Check if /home/shohem/Documents/dev/zephyr-course/app/modules/ring_buf/idle.c##db5ec4a331815dcd1d1a69a13513249c.gcov.json.gz is included (trace)...
(DEBUG)   No filter matched.
(DEBUG) --> File is excluded.
(DEBUG) Check if /home/shohem/Documents/dev/deps/zephyr/kernel/idle.c is included (source file)...
(DEBUG)   No filter matched.
(DEBUG) --> File is excluded.
(DEBUG) Check if /home/shohem/Documents/dev/deps/zephyr/include/zephyr/kernel.h is included (source file)...
(DEBUG) --> File is excluded.
(DEBUG) Check if /home/shohem/Documents/dev/deps/zephyr/include/zephyr/arch/posix/arch.h is included (source file)...
(DEBUG) --> File is excluded.
(DEBUG) Check if /home/shohem/Documents/dev/zephyr-course/twister-out/native_sim_native/host/homework.unit.ring_buf/zephyr/kernel/CMakeFiles/kernel.dir/init.c.gcda is included (trace)...
(DEBUG)   No filter matched.
(DEBUG) --> File is excluded.
(DEBUG) Check if /home/shohem/Documents/dev/zephyr-course/twister-out/native_sim_native/host/homework.unit.ring_buf/zephyr/kernel/CMakeFiles/kernel.dir/init.c.gcda is included (trace)...
(DEBUG) --> File is excluded.
(DEBUG) Check if init.c##ccea436d1511f22e62f4a1abac630f5c.gcov.json.gz is included (gcov file)...
(DEBUG)   Filter AlwaysMatchFilter() matched.
(DEBUG) --> File is included.
(DEBUG) Check if /home/shohem/Documents/dev/zephyr-course/app/modules/ring_buf/init.c##ccea436d1511f22e62f4a1abac630f5c.gcov.json.gz is included (trace)...
(DEBUG)   No filter matched.
(DEBUG) --> File is excluded.
(DEBUG) Check if /home/shohem/Documents/dev/deps/zephyr/kernel/init.c is included (source file)...
(DEBUG)   No filter matched.
(DEBUG) --> File is excluded.
(DEBUG) Check if /home/shohem/Documents/dev/deps/zephyr/include/zephyr/pm/device_runtime.h is included (source file)...
(DEBUG)   No filter matched.
(DEBUG) --> File is excluded.
(DEBUG) Check if /home/shohem/Documents/dev/deps/zephyr/include/zephyr/debug/gcov.h is included (source file)...
(DEBUG)   No filter matched.
(DEBUG) --> File is excluded.
(DEBUG) Check if /home/shohem/Documents/dev/deps/zephyr/kernel/include/kthread.h is included (source file)...
(DEBUG) --> File is excluded.
(DEBUG) Check if /home/shohem/Documents/dev/deps/zephyr/kernel/include/timeout_q.h is included (source file)...
(DEBUG) --> File is excluded.
(DEBUG) Check if /home/shohem/Documents/dev/deps/zephyr/arch/posix/include/kernel_arch_func.h is included (source file)...
(DEBUG) --> File is excluded.
(DEBUG) Check if /home/shohem/Documents/dev/zephyr-course/twister-out/native_sim_native/host/homework.unit.ring_buf/zephyr/include/generated/zephyr/syscalls/kernel.h is included (source file)...
(DEBUG) --> File is excluded.
(DEBUG) Check if /home/shohem/Documents/dev/deps/zephyr/include/zephyr/kernel.h is included (source file)...
(DEBUG) --> File is excluded.
(DEBUG) Check if /home/shohem/Documents/dev/deps/zephyr/include/zephyr/kernel/thread_stack.h is included (source file)...
(DEBUG)   No filter matched.
(DEBUG) --> File is excluded.
(DEBUG) Check if /home/shohem/Documents/dev/deps/zephyr/include/zephyr/arch/posix/arch.h is included (source file)...
(DEBUG) --> File is excluded.
(DEBUG) Check if /home/shohem/Documents/dev/zephyr-course/twister-out/native_sim_native/host/homework.unit.ring_buf/zephyr/kernel/CMakeFiles/kernel.dir/kheap.c.gcno is included (trace)...
(DEBUG)   No filter matched.
(DEBUG) --> File is excluded.
(DEBUG) Check if /home/shohem/Documents/dev/zephyr-course/twister-out/native_sim_native/host/homework.unit.ring_buf/zephyr/kernel/CMakeFiles/kernel.dir/kheap.c.gcno is included (trace)...
(DEBUG) --> File is excluded.
(DEBUG) Check if kheap.c##ab9b8a9b18e0a3b9bde3b969d702a67a.gcov.json.gz is included (gcov file)...
(DEBUG)   Filter AlwaysMatchFilter() matched.
(DEBUG) --> File is included.
(DEBUG) Check if /home/shohem/Documents/dev/zephyr-course/app/modules/ring_buf/kheap.c##ab9b8a9b18e0a3b9bde3b969d702a67a.gcov.json.gz is included (trace)...
(DEBUG)   No filter matched.
(DEBUG) --> File is excluded.
(DEBUG) Check if /home/shohem/Documents/dev/deps/zephyr/kernel/kheap.c is included (source file)...
(DEBUG)   No filter matched.
(DEBUG) --> File is excluded.
(DEBUG) Check if /home/shohem/Documents/dev/deps/zephyr/kernel/include/wait_q.h is included (source file)...
(DEBUG) --> File is excluded.
(DEBUG) Check if /home/shohem/Documents/dev/deps/zephyr/include/zephyr/sys/math_extras_impl.h is included (source file)...
(DEBUG)   No filter matched.
(DEBUG) --> File is excluded.
(DEBUG) Check if /home/shohem/Documents/dev/deps/zephyr/arch/posix/include/kernel_arch_func.h is included (source file)...
(DEBUG) --> File is excluded.
(DEBUG) Check if /home/shohem/Documents/dev/deps/zephyr/include/zephyr/spinlock.h is included (source file)...
(DEBUG) --> File is excluded.
(DEBUG) Check if /home/shohem/Documents/dev/deps/zephyr/include/zephyr/arch/posix/arch.h is included (source file)...
(DEBUG) --> File is excluded.
(DEBUG) Check if /home/shohem/Documents/dev/deps/zephyr/include/zephyr/sys/dlist.h is included (source file)...
(DEBUG) --> File is excluded.
(DEBUG) Check if /home/shohem/Documents/dev/zephyr-course/twister-out/native_sim_native/host/homework.unit.ring_buf/zephyr/kernel/CMakeFiles/kernel.dir/mailbox.c.gcno is included (trace)...
(DEBUG)   No filter matched.
(DEBUG) --> File is excluded.
(DEBUG) Check if /home/shohem/Documents/dev/zephyr-course/twister-out/native_sim_native/host/homework.unit.ring_buf/zephyr/kernel/CMakeFiles/kernel.dir/mailbox.c.gcno is included (trace)...
(DEBUG) --> File is excluded.
(DEBUG) Check if mailbox.c##38151e2dd2da8045f2a528156115ec9c.gcov.json.gz is included (gcov file)...
(DEBUG)   Filter AlwaysMatchFilter() matched.
(DEBUG) --> File is included.
(DEBUG) Check if /home/shohem/Documents/dev/zephyr-course/app/modules/ring_buf/mailbox.c##38151e2dd2da8045f2a528156115ec9c.gcov.json.gz is included (trace)...
(DEBUG)   No filter matched.
(DEBUG) --> File is excluded.
(DEBUG) Check if /home/shohem/Documents/dev/deps/zephyr/kernel/mailbox.c is included (source file)...
(DEBUG)   No filter matched.
(DEBUG) --> File is excluded.
(DEBUG) Check if /home/shohem/Documents/dev/deps/zephyr/kernel/include/wait_q.h is included (source file)...
(DEBUG) --> File is excluded.
(DEBUG) Check if /home/shohem/Documents/dev/deps/zephyr/kernel/include/ksched.h is included (source file)...
(DEBUG) --> File is excluded.
(DEBUG) Check if /home/shohem/Documents/dev/deps/zephyr/kernel/include/kthread.h is included (source file)...
(DEBUG) --> File is excluded.
(DEBUG) Check if /home/shohem/Documents/dev/deps/zephyr/arch/posix/include/kernel_arch_func.h is included (source file)...
(DEBUG) --> File is excluded.
(DEBUG) Check if /home/shohem/Documents/dev/zephyr-course/twister-out/native_sim_native/host/homework.unit.ring_buf/zephyr/include/generated/zephyr/syscalls/kernel.h is included (source file)...
(DEBUG) --> File is excluded.
(DEBUG) Check if /home/shohem/Documents/dev/deps/zephyr/include/zephyr/spinlock.h is included (source file)...
(DEBUG) --> File is excluded.
(DEBUG) Check if /home/shohem/Documents/dev/deps/zephyr/include/zephyr/arch/posix/arch.h is included (source file)...
(DEBUG) --> File is excluded.
(DEBUG) Check if /home/shohem/Documents/dev/deps/zephyr/include/zephyr/sys/dlist.h is included (source file)...
(DEBUG) --> File is excluded.
(DEBUG) Check if /home/shohem/Documents/dev/zephyr-course/twister-out/native_sim_native/host/homework.unit.ring_buf/zephyr/kernel/CMakeFiles/kernel.dir/main_weak.c.gcno is included (trace)...
(DEBUG)   No filter matched.
(DEBUG) --> File is excluded.
(DEBUG) Check if /home/shohem/Documents/dev/zephyr-course/twister-out/native_sim_native/host/homework.unit.ring_buf/zephyr/kernel/CMakeFiles/kernel.dir/main_weak.c.gcno is included (trace)...
(DEBUG) --> File is excluded.
(DEBUG) Check if main_weak.c##5d292001b6e1a30b4572c74c017832c1.gcov.json.gz is included (gcov file)...
(DEBUG)   Filter AlwaysMatchFilter() matched.
(DEBUG) --> File is included.
(DEBUG) Check if /home/shohem/Documents/dev/zephyr-course/app/modules/ring_buf/main_weak.c##5d292001b6e1a30b4572c74c017832c1.gcov.json.gz is included (trace)...
(DEBUG)   No filter matched.
(DEBUG) --> File is excluded.
(DEBUG) Check if /home/shohem/Documents/dev/deps/zephyr/kernel/main_weak.c is included (source file)...
(DEBUG)   No filter matched.
(DEBUG) --> File is excluded.
(DEBUG) Check if /home/shohem/Documents/dev/deps/zephyr/include/zephyr/arch/posix/arch.h is included (source file)...
(DEBUG) --> File is excluded.
(DEBUG) Check if /home/shohem/Documents/dev/zephyr-course/twister-out/native_sim_native/host/homework.unit.ring_buf/zephyr/kernel/CMakeFiles/kernel.dir/mem_slab.c.gcno is included (trace)...
(DEBUG)   No filter matched.
(DEBUG) --> File is excluded.
(DEBUG) Check if /home/shohem/Documents/dev/zephyr-course/twister-out/native_sim_native/host/homework.unit.ring_buf/zephyr/kernel/CMakeFiles/kernel.dir/mem_slab.c.gcno is included (trace)...
(DEBUG) --> File is excluded.
(DEBUG) Check if mem_slab.c##8a4f0d1b5ad1a30868704632701ce62b.gcov.json.gz is included (gcov file)...
(DEBUG)   Filter AlwaysMatchFilter() matched.
(DEBUG) --> File is included.
(DEBUG) Check if /home/shohem/Documents/dev/zephyr-course/app/modules/ring_buf/mem_slab.c##8a4f0d1b5ad1a30868704632701ce62b.gcov.json.gz is included (trace)...
(DEBUG)   No filter matched.
(DEBUG) --> File is excluded.
(DEBUG) Check if /home/shohem/Documents/dev/deps/zephyr/kernel/mem_slab.c is included (source file)...
(DEBUG)   No filter matched.
(DEBUG) --> File is excluded.
(DEBUG) Check if /home/shohem/Documents/dev/deps/zephyr/kernel/include/wait_q.h is included (source file)...
(DEBUG) --> File is excluded.
(DEBUG) Check if /home/shohem/Documents/dev/deps/zephyr/kernel/include/ksched.h is included (source file)...
(DEBUG) --> File is excluded.
(DEBUG) Check if /home/shohem/Documents/dev/deps/zephyr/kernel/include/priority_q.h is included (source file)...
(DEBUG) --> File is excluded.
(DEBUG) Check if /home/shohem/Documents/dev/deps/zephyr/kernel/include/kthread.h is included (source file)...
(DEBUG) --> File is excluded.
(DEBUG) Check if /home/shohem/Documents/dev/deps/zephyr/kernel/include/timeout_q.h is included (source file)...
(DEBUG) --> File is excluded.
(DEBUG) Check if /home/shohem/Documents/dev/deps/zephyr/kernel/include/kernel_internal.h is included (source file)...
(DEBUG)   No filter matched.
(DEBUG) --> File is excluded.
(DEBUG) Check if /home/shohem/Documents/dev/deps/zephyr/arch/posix/include/kernel_arch_func.h is included (source file)...
(DEBUG) --> File is excluded.
(DEBUG) Check if /home/shohem/Documents/dev/deps/zephyr/include/zephyr/sys/internal/kobject_internal.h is included (source file)...
(DEBUG) --> File is excluded.
(DEBUG) Check if /home/shohem/Documents/dev/deps/zephyr/include/zephyr/spinlock.h is included (source file)...
(DEBUG) --> File is excluded.
(DEBUG) Check if /home/shohem/Documents/dev/deps/zephyr/include/zephyr/arch/posix/arch.h is included (source file)...
(DEBUG) --> File is excluded.
(DEBUG) Check if /home/shohem/Documents/dev/deps/zephyr/include/zephyr/sys/dlist.h is included (source file)...
(DEBUG) --> File is excluded.
(DEBUG) Check if /home/shohem/Documents/dev/zephyr-course/twister-out/native_sim_native/host/homework.unit.ring_buf/zephyr/kernel/CMakeFiles/kernel.dir/mempool.c.gcno is included (trace)...
(DEBUG)   No filter matched.
(DEBUG) --> File is excluded.
(DEBUG) Check if /home/shohem/Documents/dev/zephyr-course/twister-out/native_sim_native/host/homework.unit.ring_buf/zephyr/kernel/CMakeFiles/kernel.dir/mempool.c.gcno is included (trace)...
(DEBUG) --> File is excluded.
(DEBUG) Check if mempool.c##866b923daccd0b3bcd5b811f6725281d.gcov.json.gz is included (gcov file)...
(DEBUG)   Filter AlwaysMatchFilter() matched.
(DEBUG) --> File is included.
(DEBUG) Check if /home/shohem/Documents/dev/zephyr-course/app/modules/ring_buf/mempool.c##866b923daccd0b3bcd5b811f6725281d.gcov.json.gz is included (trace)...
(DEBUG)   No filter matched.
(DEBUG) --> File is excluded.
(DEBUG) Check if /home/shohem/Documents/dev/deps/zephyr/kernel/mempool.c is included (source file)...
(DEBUG)   No filter matched.
(DEBUG) --> File is excluded.
(DEBUG) Check if /home/shohem/Documents/dev/deps/zephyr/include/zephyr/sys/math_extras_impl.h is included (source file)...
(DEBUG) --> File is excluded.
(DEBUG) Check if /home/shohem/Documents/dev/deps/zephyr/include/zephyr/spinlock.h is included (source file)...
(DEBUG) --> File is excluded.
(DEBUG) Check if /home/shohem/Documents/dev/deps/zephyr/include/zephyr/arch/posix/arch.h is included (source file)...
(DEBUG) --> File is excluded.
(DEBUG) Check if /home/shohem/Documents/dev/zephyr-course/twister-out/native_sim_native/host/homework.unit.ring_buf/zephyr/kernel/CMakeFiles/kernel.dir/msg_q.c.gcno is included (trace)...
(DEBUG)   No filter matched.
(DEBUG) --> File is excluded.
(DEBUG) Check if /home/shohem/Documents/dev/zephyr-course/twister-out/native_sim_native/host/homework.unit.ring_buf/zephyr/kernel/CMakeFiles/kernel.dir/msg_q.c.gcno is included (trace)...
(DEBUG) --> File is excluded.
(DEBUG) Check if msg_q.c##c8527dccf1893893ec06ece7017c2e58.gcov.json.gz is included (gcov file)...
(DEBUG)   Filter AlwaysMatchFilter() matched.
(DEBUG) --> File is included.
(DEBUG) Check if /home/shohem/Documents/dev/zephyr-course/app/modules/ring_buf/msg_q.c##c8527dccf1893893ec06ece7017c2e58.gcov.json.gz is included (trace)...
(DEBUG)   No filter matched.
(DEBUG) --> File is excluded.
(DEBUG) Check if /home/shohem/Documents/dev/deps/zephyr/kernel/msg_q.c is included (source file)...
(DEBUG)   No filter matched.
(DEBUG) --> File is excluded.
(DEBUG) Check if /home/shohem/Documents/dev/deps/zephyr/kernel/include/wait_q.h is included (source file)...
(DEBUG) --> File is excluded.
(DEBUG) Check if /home/shohem/Documents/dev/deps/zephyr/kernel/include/ksched.h is included (source file)...
(DEBUG) --> File is excluded.
(DEBUG) Check if /home/shohem/Documents/dev/deps/zephyr/kernel/include/priority_q.h is included (source file)...
(DEBUG) --> File is excluded.
(DEBUG) Check if /home/shohem/Documents/dev/deps/zephyr/include/zephyr/sys/math_extras_impl.h is included (source file)...
(DEBUG) --> File is excluded.
(DEBUG) Check if /home/shohem/Documents/dev/deps/zephyr/kernel/include/kthread.h is included (source file)...
(DEBUG) --> File is excluded.
(DEBUG) Check if /home/shohem/Documents/dev/deps/zephyr/kernel/include/timeout_q.h is included (source file)...
(DEBUG) --> File is excluded.
(DEBUG) Check if /home/shohem/Documents/dev/deps/zephyr/arch/posix/include/kernel_arch_func.h is included (source file)...
(DEBUG) --> File is excluded.
(DEBUG) Check if /home/shohem/Documents/dev/deps/zephyr/include/zephyr/sys/internal/kobject_internal.h is included (source file)...
(DEBUG) --> File is excluded.
(DEBUG) Check if /home/shohem/Documents/dev/deps/zephyr/include/zephyr/spinlock.h is included (source file)...
(DEBUG) --> File is excluded.
(DEBUG) Check if /home/shohem/Documents/dev/deps/zephyr/include/zephyr/arch/posix/arch.h is included (source file)...
(DEBUG) --> File is excluded.
(DEBUG) Check if /home/shohem/Documents/dev/deps/zephyr/include/zephyr/sys/dlist.h is included (source file)...
(DEBUG) --> File is excluded.
(DEBUG) Check if /home/shohem/Documents/dev/zephyr-course/twister-out/native_sim_native/host/homework.unit.ring_buf/zephyr/kernel/CMakeFiles/kernel.dir/mutex.c.gcno is included (trace)...
(DEBUG)   No filter matched.
(DEBUG) --> File is excluded.
(DEBUG) Check if /home/shohem/Documents/dev/zephyr-course/twister-out/native_sim_native/host/homework.unit.ring_buf/zephyr/kernel/CMakeFiles/kernel.dir/mutex.c.gcno is included (trace)...
(DEBUG) --> File is excluded.
(DEBUG) Check if mutex.c##7aeef2faee254f8fc0b1c4cfcbc66254.gcov.json.gz is included (gcov file)...
(DEBUG)   Filter AlwaysMatchFilter() matched.
(DEBUG) --> File is included.
(DEBUG) Check if /home/shohem/Documents/dev/zephyr-course/app/modules/ring_buf/mutex.c##7aeef2faee254f8fc0b1c4cfcbc66254.gcov.json.gz is included (trace)...
(DEBUG)   No filter matched.
(DEBUG) --> File is excluded.
(DEBUG) Check if /home/shohem/Documents/dev/deps/zephyr/kernel/mutex.c is included (source file)...
(DEBUG)   No filter matched.
(DEBUG) --> File is excluded.
(DEBUG) Check if /home/shohem/Documents/dev/deps/zephyr/include/zephyr/logging/log_msg.h is included (source file)...
(DEBUG) --> File is excluded.
(DEBUG) Check if /home/shohem/Documents/dev/deps/zephyr/kernel/include/wait_q.h is included (source file)...
(DEBUG) --> File is excluded.
(DEBUG) Check if /home/shohem/Documents/dev/deps/zephyr/kernel/include/ksched.h is included (source file)...
(DEBUG) --> File is excluded.
(DEBUG) Check if /home/shohem/Documents/dev/deps/zephyr/kernel/include/priority_q.h is included (source file)...
(DEBUG) --> File is excluded.
(DEBUG) Check if /home/shohem/Documents/dev/deps/zephyr/kernel/include/kthread.h is included (source file)...
(DEBUG) --> File is excluded.
(DEBUG) Check if /home/shohem/Documents/dev/deps/zephyr/kernel/include/timeout_q.h is included (source file)...
(DEBUG) --> File is excluded.
(DEBUG) Check if /home/shohem/Documents/dev/deps/zephyr/arch/posix/include/kernel_arch_func.h is included (source file)...
(DEBUG) --> File is excluded.
(DEBUG) Check if /home/shohem/Documents/dev/deps/zephyr/include/zephyr/sys/internal/kobject_internal.h is included (source file)...
(DEBUG) --> File is excluded.
(DEBUG) Check if /home/shohem/Documents/dev/deps/zephyr/include/zephyr/spinlock.h is included (source file)...
(DEBUG) --> File is excluded.
(DEBUG) Check if /home/shohem/Documents/dev/deps/zephyr/include/zephyr/arch/posix/arch.h is included (source file)...
(DEBUG) --> File is excluded.
(DEBUG) Check if /home/shohem/Documents/dev/deps/zephyr/include/zephyr/sys/dlist.h is included (source file)...
(DEBUG) --> File is excluded.
(DEBUG) Check if /home/shohem/Documents/dev/zephyr-course/twister-out/native_sim_native/host/homework.unit.ring_buf/zephyr/kernel/CMakeFiles/kernel.dir/pipe.c.gcno is included (trace)...
(DEBUG)   No filter matched.
(DEBUG) --> File is excluded.
(DEBUG) Check if /home/shohem/Documents/dev/zephyr-course/twister-out/native_sim_native/host/homework.unit.ring_buf/zephyr/kernel/CMakeFiles/kernel.dir/pipe.c.gcno is included (trace)...
(DEBUG) --> File is excluded.
(DEBUG) Check if pipe.c##d0d7828fe879cfb031b014c319fe84d9.gcov.json.gz is included (gcov file)...
(DEBUG)   Filter AlwaysMatchFilter() matched.
(DEBUG) --> File is included.
(DEBUG) Check if /home/shohem/Documents/dev/zephyr-course/app/modules/ring_buf/pipe.c##d0d7828fe879cfb031b014c319fe84d9.gcov.json.gz is included (trace)...
(DEBUG)   No filter matched.
(DEBUG) --> File is excluded.
(DEBUG) Check if /home/shohem/Documents/dev/deps/zephyr/kernel/pipe.c is included (source file)...
(DEBUG)   No filter matched.
(DEBUG) --> File is excluded.
(DEBUG) Check if /home/shohem/Documents/dev/deps/zephyr/kernel/include/wait_q.h is included (source file)...
(DEBUG) --> File is excluded.
(DEBUG) Check if /home/shohem/Documents/dev/deps/zephyr/kernel/include/ksched.h is included (source file)...
(DEBUG) --> File is excluded.
(DEBUG) Check if /home/shohem/Documents/dev/deps/zephyr/kernel/include/priority_q.h is included (source file)...
(DEBUG) --> File is excluded.
(DEBUG) Check if /home/shohem/Documents/dev/deps/zephyr/kernel/include/kthread.h is included (source file)...
(DEBUG) --> File is excluded.
(DEBUG) Check if /home/shohem/Documents/dev/deps/zephyr/kernel/include/timeout_q.h is included (source file)...
(DEBUG) --> File is excluded.
(DEBUG) Check if /home/shohem/Documents/dev/deps/zephyr/kernel/include/kernel_internal.h is included (source file)...
(DEBUG) --> File is excluded.
(DEBUG) Check if /home/shohem/Documents/dev/deps/zephyr/arch/posix/include/kernel_arch_func.h is included (source file)...
(DEBUG) --> File is excluded.
(DEBUG) Check if /home/shohem/Documents/dev/deps/zephyr/include/zephyr/sys/ring_buffer.h is included (source file)...
(DEBUG) --> File is excluded.
(DEBUG) Check if /home/shohem/Documents/dev/deps/zephyr/include/zephyr/sys/internal/kobject_internal.h is included (source file)...
(DEBUG) --> File is excluded.
(DEBUG) Check if /home/shohem/Documents/dev/deps/zephyr/include/zephyr/spinlock.h is included (source file)...
(DEBUG) --> File is excluded.
(DEBUG) Check if /home/shohem/Documents/dev/deps/zephyr/include/zephyr/arch/posix/arch.h is included (source file)...
(DEBUG) --> File is excluded.
(DEBUG) Check if /home/shohem/Documents/dev/deps/zephyr/include/zephyr/sys/dlist.h is included (source file)...
(DEBUG) --> File is excluded.
(DEBUG) Check if /home/shohem/Documents/dev/zephyr-course/twister-out/native_sim_native/host/homework.unit.ring_buf/zephyr/kernel/CMakeFiles/kernel.dir/queue.c.gcno is included (trace)...
(DEBUG)   No filter matched.
(DEBUG) --> File is excluded.
(DEBUG) Check if /home/shohem/Documents/dev/zephyr-course/twister-out/native_sim_native/host/homework.unit.ring_buf/zephyr/kernel/CMakeFiles/kernel.dir/queue.c.gcno is included (trace)...
(DEBUG) --> File is excluded.
(DEBUG) Check if queue.c##5ffeae66d279c9d9cdb3b738ea29758e.gcov.json.gz is included (gcov file)...
(DEBUG)   Filter AlwaysMatchFilter() matched.
(DEBUG) --> File is included.
(DEBUG) Check if /home/shohem/Documents/dev/zephyr-course/app/modules/ring_buf/queue.c##5ffeae66d279c9d9cdb3b738ea29758e.gcov.json.gz is included (trace)...
(DEBUG)   No filter matched.
(DEBUG) --> File is excluded.
(DEBUG) Check if /home/shohem/Documents/dev/deps/zephyr/kernel/queue.c is included (source file)...
(DEBUG)   No filter matched.
(DEBUG) --> File is excluded.
(DEBUG) Check if /home/shohem/Documents/dev/deps/zephyr/kernel/include/ksched.h is included (source file)...
(DEBUG) --> File is excluded.
(DEBUG) Check if /home/shohem/Documents/dev/deps/zephyr/kernel/include/kthread.h is included (source file)...
(DEBUG) --> File is excluded.
(DEBUG) Check if /home/shohem/Documents/dev/deps/zephyr/kernel/include/kernel_internal.h is included (source file)...
(DEBUG) --> File is excluded.
(DEBUG) Check if /home/shohem/Documents/dev/deps/zephyr/arch/posix/include/kernel_arch_func.h is included (source file)...
(DEBUG) --> File is excluded.
(DEBUG) Check if /home/shohem/Documents/dev/deps/zephyr/kernel/include/wait_q.h is included (source file)...
(DEBUG) --> File is excluded.
(DEBUG) Check if /home/shohem/Documents/dev/deps/zephyr/kernel/include/priority_q.h is included (source file)...
(DEBUG) --> File is excluded.
(DEBUG) Check if /home/shohem/Documents/dev/deps/zephyr/kernel/include/timeout_q.h is included (source file)...
(DEBUG) --> File is excluded.
(DEBUG) Check if /home/shohem/Documents/dev/deps/zephyr/include/zephyr/sys/internal/kobject_internal.h is included (source file)...
(DEBUG) --> File is excluded.
(DEBUG) Check if /home/shohem/Documents/dev/deps/zephyr/include/zephyr/spinlock.h is included (source file)...
(DEBUG) --> File is excluded.
(DEBUG) Check if /home/shohem/Documents/dev/deps/zephyr/include/zephyr/arch/posix/arch.h is included (source file)...
(DEBUG) --> File is excluded.
(DEBUG) Check if /home/shohem/Documents/dev/deps/zephyr/include/zephyr/sys/sflist.h is included (source file)...
(DEBUG)   No filter matched.
(DEBUG) --> File is excluded.
(DEBUG) Check if /home/shohem/Documents/dev/deps/zephyr/include/zephyr/sys/slist.h is included (source file)...
(DEBUG) --> File is excluded.
(DEBUG) Check if /home/shohem/Documents/dev/deps/zephyr/include/zephyr/sys/dlist.h is included (source file)...
(DEBUG) --> File is excluded.
(DEBUG) Check if /home/shohem/Documents/dev/zephyr-course/twister-out/native_sim_native/host/homework.unit.ring_buf/zephyr/kernel/CMakeFiles/kernel.dir/sched.c.gcda is included (trace)...
(DEBUG)   No filter matched.
(DEBUG) --> File is excluded.
(DEBUG) Check if /home/shohem/Documents/dev/zephyr-course/twister-out/native_sim_native/host/homework.unit.ring_buf/zephyr/kernel/CMakeFiles/kernel.dir/sched.c.gcda is included (trace)...
(DEBUG) --> File is excluded.
(DEBUG) Check if sched.c##8ef9bfa0aa082ae00a56c35ccc8a554c.gcov.json.gz is included (gcov file)...
(DEBUG)   Filter AlwaysMatchFilter() matched.
(DEBUG) --> File is included.
(DEBUG) Check if /home/shohem/Documents/dev/zephyr-course/app/modules/ring_buf/sched.c##8ef9bfa0aa082ae00a56c35ccc8a554c.gcov.json.gz is included (trace)...
(DEBUG)   No filter matched.
(DEBUG) --> File is excluded.
(DEBUG) Check if /home/shohem/Documents/dev/deps/zephyr/kernel/sched.c is included (source file)...
(DEBUG)   No filter matched.
(DEBUG) --> File is excluded.
(DEBUG) Check if /home/shohem/Documents/dev/deps/zephyr/include/zephyr/logging/log_msg.h is included (source file)...
(DEBUG) --> File is excluded.
(DEBUG) Check if /home/shohem/Documents/dev/deps/zephyr/kernel/include/kswap.h is included (source file)...
(DEBUG) --> File is excluded.
(DEBUG) Check if /home/shohem/Documents/dev/deps/zephyr/kernel/include/wait_q.h is included (source file)...
(DEBUG) --> File is excluded.
(DEBUG) Check if /home/shohem/Documents/dev/deps/zephyr/kernel/include/ksched.h is included (source file)...
(DEBUG) --> File is excluded.
(DEBUG) Check if /home/shohem/Documents/dev/deps/zephyr/kernel/include/priority_q.h is included (source file)...
(DEBUG) --> File is excluded.
(DEBUG) Check if /home/shohem/Documents/dev/deps/zephyr/kernel/include/kthread.h is included (source file)...
(DEBUG) --> File is excluded.
(DEBUG) Check if /home/shohem/Documents/dev/deps/zephyr/kernel/include/timeout_q.h is included (source file)...
(DEBUG) --> File is excluded.
(DEBUG) Check if /home/shohem/Documents/dev/deps/zephyr/kernel/include/kernel_internal.h is included (source file)...
(DEBUG) --> File is excluded.
(DEBUG) Check if /home/shohem/Documents/dev/deps/zephyr/arch/posix/include/kernel_arch_func.h is included (source file)...
(DEBUG) --> File is excluded.
(DEBUG) Check if /home/shohem/Documents/dev/zephyr-course/twister-out/native_sim_native/host/homework.unit.ring_buf/zephyr/include/generated/zephyr/syscalls/kernel.h is included (source file)...
(DEBUG) --> File is excluded.
(DEBUG) Check if /home/shohem/Documents/dev/deps/zephyr/include/zephyr/kernel.h is included (source file)...
(DEBUG) --> File is excluded.
(DEBUG) Check if /home/shohem/Documents/dev/deps/zephyr/include/zephyr/spinlock.h is included (source file)...
(DEBUG) --> File is excluded.
(DEBUG) Check if /home/shohem/Documents/dev/deps/zephyr/include/zephyr/arch/posix/arch.h is included (source file)...
(DEBUG) --> File is excluded.
(DEBUG) Check if /home/shohem/Documents/dev/deps/zephyr/include/zephyr/sys/dlist.h is included (source file)...
(DEBUG) --> File is excluded.
(DEBUG) Check if /home/shohem/Documents/dev/zephyr-course/twister-out/native_sim_native/host/homework.unit.ring_buf/zephyr/kernel/CMakeFiles/kernel.dir/sem.c.gcda is included (trace)...
(DEBUG)   No filter matched.
(DEBUG) --> File is excluded.
(DEBUG) Check if /home/shohem/Documents/dev/zephyr-course/twister-out/native_sim_native/host/homework.unit.ring_buf/zephyr/kernel/CMakeFiles/kernel.dir/sem.c.gcda is included (trace)...
(DEBUG) --> File is excluded.
(DEBUG) Check if sem.c##f46824f022ebf7ef306448f855b219da.gcov.json.gz is included (gcov file)...
(DEBUG)   Filter AlwaysMatchFilter() matched.
(DEBUG) --> File is included.
(DEBUG) Check if /home/shohem/Documents/dev/zephyr-course/app/modules/ring_buf/sem.c##f46824f022ebf7ef306448f855b219da.gcov.json.gz is included (trace)...
(DEBUG)   No filter matched.
(DEBUG) --> File is excluded.
(DEBUG) Check if /home/shohem/Documents/dev/deps/zephyr/kernel/sem.c is included (source file)...
(DEBUG)   No filter matched.
(DEBUG) --> File is excluded.
(DEBUG) Check if /home/shohem/Documents/dev/deps/zephyr/kernel/include/ksched.h is included (source file)...
(DEBUG) --> File is excluded.
(DEBUG) Check if /home/shohem/Documents/dev/deps/zephyr/kernel/include/kthread.h is included (source file)...
(DEBUG) --> File is excluded.
(DEBUG) Check if /home/shohem/Documents/dev/deps/zephyr/arch/posix/include/kernel_arch_func.h is included (source file)...
(DEBUG) --> File is excluded.
(DEBUG) Check if /home/shohem/Documents/dev/deps/zephyr/kernel/include/wait_q.h is included (source file)...
(DEBUG) --> File is excluded.
(DEBUG) Check if /home/shohem/Documents/dev/deps/zephyr/kernel/include/priority_q.h is included (source file)...
(DEBUG) --> File is excluded.
(DEBUG) Check if /home/shohem/Documents/dev/deps/zephyr/kernel/include/timeout_q.h is included (source file)...
(DEBUG) --> File is excluded.
(DEBUG) Check if /home/shohem/Documents/dev/deps/zephyr/include/zephyr/sys/internal/kobject_internal.h is included (source file)...
(DEBUG) --> File is excluded.
(DEBUG) Check if /home/shohem/Documents/dev/deps/zephyr/include/zephyr/spinlock.h is included (source file)...
(DEBUG) --> File is excluded.
(DEBUG) Check if /home/shohem/Documents/dev/deps/zephyr/include/zephyr/arch/posix/arch.h is included (source file)...
(DEBUG) --> File is excluded.
(DEBUG) Check if /home/shohem/Documents/dev/deps/zephyr/include/zephyr/sys/dlist.h is included (source file)...
(DEBUG) --> File is excluded.
(DEBUG) Check if /home/shohem/Documents/dev/zephyr-course/twister-out/native_sim_native/host/homework.unit.ring_buf/zephyr/kernel/CMakeFiles/kernel.dir/spinlock_validate.c.gcda is included (trace)...
(DEBUG)   No filter matched.
(DEBUG) --> File is excluded.
(DEBUG) Check if /home/shohem/Documents/dev/zephyr-course/twister-out/native_sim_native/host/homework.unit.ring_buf/zephyr/kernel/CMakeFiles/kernel.dir/spinlock_validate.c.gcda is included (trace)...
(DEBUG) --> File is excluded.
(DEBUG) Check if spinlock_validate.c##2f9a7a282377debbf4e33bb67ff76edb.gcov.json.gz is included (gcov file)...
(DEBUG)   Filter AlwaysMatchFilter() matched.
(DEBUG) --> File is included.
(DEBUG) Check if /home/shohem/Documents/dev/zephyr-course/app/modules/ring_buf/spinlock_validate.c##2f9a7a282377debbf4e33bb67ff76edb.gcov.json.gz is included (trace)...
(DEBUG)   No filter matched.
(DEBUG) --> File is excluded.
(DEBUG) Check if /home/shohem/Documents/dev/deps/zephyr/kernel/spinlock_validate.c is included (source file)...
(DEBUG)   No filter matched.
(DEBUG) --> File is excluded.
(DEBUG) Check if /home/shohem/Documents/dev/deps/zephyr/arch/posix/include/kernel_arch_func.h is included (source file)...
(DEBUG) --> File is excluded.
(DEBUG) Check if /home/shohem/Documents/dev/zephyr-course/twister-out/native_sim_native/host/homework.unit.ring_buf/zephyr/kernel/CMakeFiles/kernel.dir/stack.c.gcno is included (trace)...
(DEBUG)   No filter matched.
(DEBUG) --> File is excluded.
(DEBUG) Check if /home/shohem/Documents/dev/zephyr-course/twister-out/native_sim_native/host/homework.unit.ring_buf/zephyr/kernel/CMakeFiles/kernel.dir/stack.c.gcno is included (trace)...
(DEBUG) --> File is excluded.
(DEBUG) Check if stack.c##5dd65d0fee870f41d11be61bc207af69.gcov.json.gz is included (gcov file)...
(DEBUG)   Filter AlwaysMatchFilter() matched.
(DEBUG) --> File is included.
(DEBUG) Check if /home/shohem/Documents/dev/zephyr-course/app/modules/ring_buf/stack.c##5dd65d0fee870f41d11be61bc207af69.gcov.json.gz is included (trace)...
(DEBUG)   No filter matched.
(DEBUG) --> File is excluded.
(DEBUG) Check if /home/shohem/Documents/dev/deps/zephyr/kernel/stack.c is included (source file)...
(DEBUG)   No filter matched.
(DEBUG) --> File is excluded.
(DEBUG) Check if /home/shohem/Documents/dev/deps/zephyr/kernel/include/wait_q.h is included (source file)...
(DEBUG) --> File is excluded.
(DEBUG) Check if /home/shohem/Documents/dev/deps/zephyr/kernel/include/ksched.h is included (source file)...
(DEBUG) --> File is excluded.
(DEBUG) Check if /home/shohem/Documents/dev/deps/zephyr/kernel/include/priority_q.h is included (source file)...
(DEBUG) --> File is excluded.
(DEBUG) Check if /home/shohem/Documents/dev/deps/zephyr/kernel/include/kthread.h is included (source file)...
(DEBUG) --> File is excluded.
(DEBUG) Check if /home/shohem/Documents/dev/deps/zephyr/kernel/include/timeout_q.h is included (source file)...
(DEBUG) --> File is excluded.
(DEBUG) Check if /home/shohem/Documents/dev/deps/zephyr/kernel/include/kernel_internal.h is included (source file)...
(DEBUG) --> File is excluded.
(DEBUG) Check if /home/shohem/Documents/dev/deps/zephyr/arch/posix/include/kernel_arch_func.h is included (source file)...
(DEBUG) --> File is excluded.
(DEBUG) Check if /home/shohem/Documents/dev/deps/zephyr/include/zephyr/sys/internal/kobject_internal.h is included (source file)...
(DEBUG) --> File is excluded.
(DEBUG) Check if /home/shohem/Documents/dev/deps/zephyr/include/zephyr/spinlock.h is included (source file)...
(DEBUG) --> File is excluded.
(DEBUG) Check if /home/shohem/Documents/dev/deps/zephyr/include/zephyr/arch/posix/arch.h is included (source file)...
(DEBUG) --> File is excluded.
(DEBUG) Check if /home/shohem/Documents/dev/deps/zephyr/include/zephyr/sys/dlist.h is included (source file)...
(DEBUG) --> File is excluded.
(DEBUG) Check if /home/shohem/Documents/dev/zephyr-course/twister-out/native_sim_native/host/homework.unit.ring_buf/zephyr/kernel/CMakeFiles/kernel.dir/system_work_q.c.gcno is included (trace)...
(DEBUG)   No filter matched.
(DEBUG) --> File is excluded.
(DEBUG) Check if /home/shohem/Documents/dev/zephyr-course/twister-out/native_sim_native/host/homework.unit.ring_buf/zephyr/kernel/CMakeFiles/kernel.dir/system_work_q.c.gcno is included (trace)...
(DEBUG) --> File is excluded.
(DEBUG) Check if system_work_q.c##82e7287cc50b2a98515ea4c06c5a33b5.gcov.json.gz is included (gcov file)...
(DEBUG)   Filter AlwaysMatchFilter() matched.
(DEBUG) --> File is included.
(DEBUG) Check if /home/shohem/Documents/dev/zephyr-course/app/modules/ring_buf/system_work_q.c##82e7287cc50b2a98515ea4c06c5a33b5.gcov.json.gz is included (trace)...
(DEBUG)   No filter matched.
(DEBUG) --> File is excluded.
(DEBUG) Check if /home/shohem/Documents/dev/deps/zephyr/kernel/system_work_q.c is included (source file)...
(DEBUG)   No filter matched.
(DEBUG) --> File is excluded.
(DEBUG) Check if /home/shohem/Documents/dev/zephyr-course/twister-out/native_sim_native/host/homework.unit.ring_buf/zephyr/kernel/CMakeFiles/kernel.dir/thread.c.gcda is included (trace)...
(DEBUG)   No filter matched.
(DEBUG) --> File is excluded.
(DEBUG) Check if /home/shohem/Documents/dev/zephyr-course/twister-out/native_sim_native/host/homework.unit.ring_buf/zephyr/kernel/CMakeFiles/kernel.dir/thread.c.gcda is included (trace)...
(DEBUG) --> File is excluded.
(DEBUG) Check if thread.c##188c512cd92376fe31ac40641e667ece.gcov.json.gz is included (gcov file)...
(DEBUG)   Filter AlwaysMatchFilter() matched.
(DEBUG) --> File is included.
(DEBUG) Check if /home/shohem/Documents/dev/zephyr-course/app/modules/ring_buf/thread.c##188c512cd92376fe31ac40641e667ece.gcov.json.gz is included (trace)...
(DEBUG)   No filter matched.
(DEBUG) --> File is excluded.
(DEBUG) Check if /home/shohem/Documents/dev/deps/zephyr/kernel/thread.c is included (source file)...
(DEBUG)   No filter matched.
(DEBUG) --> File is excluded.
(DEBUG) Check if /home/shohem/Documents/dev/deps/zephyr/include/zephyr/logging/log_msg.h is included (source file)...
(DEBUG) --> File is excluded.
(DEBUG) Check if /home/shohem/Documents/dev/deps/zephyr/kernel/include/wait_q.h is included (source file)...
(DEBUG) --> File is excluded.
(DEBUG) Check if /home/shohem/Documents/dev/deps/zephyr/kernel/include/kthread.h is included (source file)...
(DEBUG) --> File is excluded.
(DEBUG) Check if /home/shohem/Documents/dev/deps/zephyr/kernel/include/timeout_q.h is included (source file)...
(DEBUG) --> File is excluded.
(DEBUG) Check if /home/shohem/Documents/dev/deps/zephyr/arch/posix/include/kernel_arch_func.h is included (source file)...
(DEBUG) --> File is excluded.
(DEBUG) Check if /home/shohem/Documents/dev/zephyr-course/twister-out/native_sim_native/host/homework.unit.ring_buf/zephyr/include/generated/zephyr/syscalls/kernel.h is included (source file)...
(DEBUG) --> File is excluded.
(DEBUG) Check if /home/shohem/Documents/dev/deps/zephyr/include/zephyr/kernel.h is included (source file)...
(DEBUG) --> File is excluded.
(DEBUG) Check if /home/shohem/Documents/dev/deps/zephyr/include/zephyr/kernel/thread_stack.h is included (source file)...
(DEBUG) --> File is excluded.
(DEBUG) Check if /home/shohem/Documents/dev/deps/zephyr/include/zephyr/sys/dlist.h is included (source file)...
(DEBUG) --> File is excluded.
(DEBUG) Check if /home/shohem/Documents/dev/zephyr-course/twister-out/native_sim_native/host/homework.unit.ring_buf/zephyr/kernel/CMakeFiles/kernel.dir/timeout.c.gcda is included (trace)...
(DEBUG)   No filter matched.
(DEBUG) --> File is excluded.
(DEBUG) Check if /home/shohem/Documents/dev/zephyr-course/twister-out/native_sim_native/host/homework.unit.ring_buf/zephyr/kernel/CMakeFiles/kernel.dir/timeout.c.gcda is included (trace)...
(DEBUG) --> File is excluded.
(DEBUG) Check if timeout.c##397f918e63ac93de7addc0a4753581e2.gcov.json.gz is included (gcov file)...
(DEBUG)   Filter AlwaysMatchFilter() matched.
(DEBUG) --> File is included.
(DEBUG) Check if /home/shohem/Documents/dev/zephyr-course/app/modules/ring_buf/timeout.c##397f918e63ac93de7addc0a4753581e2.gcov.json.gz is included (trace)...
(DEBUG)   No filter matched.
(DEBUG) --> File is excluded.
(DEBUG) Check if /home/shohem/Documents/dev/deps/zephyr/kernel/timeout.c is included (source file)...
(DEBUG)   No filter matched.
(DEBUG) --> File is excluded.
(DEBUG) Check if /home/shohem/Documents/dev/deps/zephyr/kernel/include/timeout_q.h is included (source file)...
(DEBUG) --> File is excluded.
(DEBUG) Check if /home/shohem/Documents/dev/deps/zephyr/include/zephyr/spinlock.h is included (source file)...
(DEBUG) --> File is excluded.
(DEBUG) Check if /home/shohem/Documents/dev/deps/zephyr/include/zephyr/arch/posix/arch.h is included (source file)...
(DEBUG) --> File is excluded.
(DEBUG) Check if /home/shohem/Documents/dev/deps/zephyr/include/zephyr/sys/dlist.h is included (source file)...
(DEBUG) --> File is excluded.
(DEBUG) Check if /home/shohem/Documents/dev/zephyr-course/twister-out/native_sim_native/host/homework.unit.ring_buf/zephyr/kernel/CMakeFiles/kernel.dir/timer.c.gcda is included (trace)...
(DEBUG)   No filter matched.
(DEBUG) --> File is excluded.
(DEBUG) Check if /home/shohem/Documents/dev/zephyr-course/twister-out/native_sim_native/host/homework.unit.ring_buf/zephyr/kernel/CMakeFiles/kernel.dir/timer.c.gcda is included (trace)...
(DEBUG) --> File is excluded.
(DEBUG) Check if timer.c##a78a8f809101172e071632803cf447c2.gcov.json.gz is included (gcov file)...
(DEBUG)   Filter AlwaysMatchFilter() matched.
(DEBUG) --> File is included.
(DEBUG) Check if /home/shohem/Documents/dev/zephyr-course/app/modules/ring_buf/timer.c##a78a8f809101172e071632803cf447c2.gcov.json.gz is included (trace)...
(DEBUG)   No filter matched.
(DEBUG) --> File is excluded.
(DEBUG) Check if /home/shohem/Documents/dev/deps/zephyr/kernel/timer.c is included (source file)...
(DEBUG)   No filter matched.
(DEBUG) --> File is excluded.
(DEBUG) Check if /home/shohem/Documents/dev/deps/zephyr/kernel/include/wait_q.h is included (source file)...
(DEBUG) --> File is excluded.
(DEBUG) Check if /home/shohem/Documents/dev/deps/zephyr/kernel/include/ksched.h is included (source file)...
(DEBUG) --> File is excluded.
(DEBUG) Check if /home/shohem/Documents/dev/deps/zephyr/kernel/include/timeout_q.h is included (source file)...
(DEBUG) --> File is excluded.
(DEBUG) Check if /home/shohem/Documents/dev/deps/zephyr/arch/posix/include/kernel_arch_func.h is included (source file)...
(DEBUG) --> File is excluded.
(DEBUG) Check if /home/shohem/Documents/dev/zephyr-course/twister-out/native_sim_native/host/homework.unit.ring_buf/zephyr/include/generated/zephyr/syscalls/kernel.h is included (source file)...
(DEBUG) --> File is excluded.
(DEBUG) Check if /home/shohem/Documents/dev/deps/zephyr/include/zephyr/sys/internal/kobject_internal.h is included (source file)...
(DEBUG) --> File is excluded.
(DEBUG) Check if /home/shohem/Documents/dev/deps/zephyr/include/zephyr/spinlock.h is included (source file)...
(DEBUG) --> File is excluded.
(DEBUG) Check if /home/shohem/Documents/dev/deps/zephyr/include/zephyr/arch/posix/arch.h is included (source file)...
(DEBUG) --> File is excluded.
(DEBUG) Check if /home/shohem/Documents/dev/deps/zephyr/include/zephyr/sys/dlist.h is included (source file)...
(DEBUG) --> File is excluded.
(DEBUG) Check if /home/shohem/Documents/dev/zephyr-course/twister-out/native_sim_native/host/homework.unit.ring_buf/zephyr/kernel/CMakeFiles/kernel.dir/timeslicing.c.gcda is included (trace)...
(DEBUG)   No filter matched.
(DEBUG) --> File is excluded.
(DEBUG) Check if /home/shohem/Documents/dev/zephyr-course/twister-out/native_sim_native/host/homework.unit.ring_buf/zephyr/kernel/CMakeFiles/kernel.dir/timeslicing.c.gcda is included (trace)...
(DEBUG) --> File is excluded.
(DEBUG) Check if timeslicing.c##3fd1ad64189d4953bb6428d9d0c82502.gcov.json.gz is included (gcov file)...
(DEBUG)   Filter AlwaysMatchFilter() matched.
(DEBUG) --> File is included.
(DEBUG) Check if /home/shohem/Documents/dev/zephyr-course/app/modules/ring_buf/timeslicing.c##3fd1ad64189d4953bb6428d9d0c82502.gcov.json.gz is included (trace)...
(DEBUG)   No filter matched.
(DEBUG) --> File is excluded.
(DEBUG) Check if /home/shohem/Documents/dev/deps/zephyr/kernel/timeslicing.c is included (source file)...
(DEBUG)   No filter matched.
(DEBUG) --> File is excluded.
(DEBUG) Check if /home/shohem/Documents/dev/deps/zephyr/kernel/include/ksched.h is included (source file)...
(DEBUG) --> File is excluded.
(DEBUG) Check if /home/shohem/Documents/dev/deps/zephyr/kernel/include/kthread.h is included (source file)...
(DEBUG) --> File is excluded.
(DEBUG) Check if /home/shohem/Documents/dev/deps/zephyr/include/zephyr/spinlock.h is included (source file)...
(DEBUG) --> File is excluded.
(DEBUG) Check if /home/shohem/Documents/dev/deps/zephyr/include/zephyr/arch/posix/arch.h is included (source file)...
(DEBUG) --> File is excluded.
(DEBUG) Check if /home/shohem/Documents/dev/zephyr-course/twister-out/native_sim_native/host/homework.unit.ring_buf/zephyr/kernel/CMakeFiles/kernel.dir/version.c.gcno is included (trace)...
(DEBUG)   No filter matched.
(DEBUG) --> File is excluded.
(DEBUG) Check if /home/shohem/Documents/dev/zephyr-course/twister-out/native_sim_native/host/homework.unit.ring_buf/zephyr/kernel/CMakeFiles/kernel.dir/version.c.gcno is included (trace)...
(DEBUG) --> File is excluded.
(DEBUG) Check if version.c##8a36e659539350ea56ee62d8e28db598.gcov.json.gz is included (gcov file)...
(DEBUG)   Filter AlwaysMatchFilter() matched.
(DEBUG) --> File is included.
(DEBUG) Check if /home/shohem/Documents/dev/zephyr-course/app/modules/ring_buf/version.c##8a36e659539350ea56ee62d8e28db598.gcov.json.gz is included (trace)...
(DEBUG)   No filter matched.
(DEBUG) --> File is excluded.
(DEBUG) Check if /home/shohem/Documents/dev/deps/zephyr/kernel/version.c is included (source file)...
(DEBUG)   No filter matched.
(DEBUG) --> File is excluded.
(DEBUG) Check if /home/shohem/Documents/dev/zephyr-course/twister-out/native_sim_native/host/homework.unit.ring_buf/zephyr/kernel/CMakeFiles/kernel.dir/work.c.gcno is included (trace)...
(DEBUG)   No filter matched.
(DEBUG) --> File is excluded.
(DEBUG) Check if /home/shohem/Documents/dev/zephyr-course/twister-out/native_sim_native/host/homework.unit.ring_buf/zephyr/kernel/CMakeFiles/kernel.dir/work.c.gcno is included (trace)...
(DEBUG) --> File is excluded.
(DEBUG) Check if work.c##516335b9c565cd8969552ee94c11d347.gcov.json.gz is included (gcov file)...
(DEBUG)   Filter AlwaysMatchFilter() matched.
(DEBUG) --> File is included.
(DEBUG) Check if /home/shohem/Documents/dev/zephyr-course/app/modules/ring_buf/work.c##516335b9c565cd8969552ee94c11d347.gcov.json.gz is included (trace)...
(DEBUG)   No filter matched.
(DEBUG) --> File is excluded.
(DEBUG) Check if /home/shohem/Documents/dev/deps/zephyr/kernel/work.c is included (source file)...
(DEBUG)   No filter matched.
(DEBUG) --> File is excluded.
(DEBUG) Check if /home/shohem/Documents/dev/deps/zephyr/kernel/include/ksched.h is included (source file)...
(DEBUG) --> File is excluded.
(DEBUG) Check if /home/shohem/Documents/dev/deps/zephyr/kernel/include/wait_q.h is included (source file)...
(DEBUG) --> File is excluded.
(DEBUG) Check if /home/shohem/Documents/dev/deps/zephyr/kernel/include/timeout_q.h is included (source file)...
(DEBUG) --> File is excluded.
(DEBUG) Check if /home/shohem/Documents/dev/zephyr-course/twister-out/native_sim_native/host/homework.unit.ring_buf/zephyr/include/generated/zephyr/syscalls/kernel.h is included (source file)...
(DEBUG) --> File is excluded.
(DEBUG) Check if /home/shohem/Documents/dev/deps/zephyr/include/zephyr/kernel.h is included (source file)...
(DEBUG) --> File is excluded.
(DEBUG) Check if /home/shohem/Documents/dev/deps/zephyr/include/zephyr/spinlock.h is included (source file)...
(DEBUG) --> File is excluded.
(DEBUG) Check if /home/shohem/Documents/dev/deps/zephyr/include/zephyr/arch/posix/arch.h is included (source file)...
(DEBUG) --> File is excluded.
(DEBUG) Check if /home/shohem/Documents/dev/deps/zephyr/include/zephyr/sys/slist.h is included (source file)...
(DEBUG) --> File is excluded.
(DEBUG) Check if /home/shohem/Documents/dev/deps/zephyr/include/zephyr/sys/dlist.h is included (source file)...
(DEBUG) --> File is excluded.
(DEBUG) Check if /home/shohem/Documents/dev/zephyr-course/twister-out/native_sim_native/host/homework.unit.ring_buf/zephyr/soc/soc/native/CMakeFiles/soc__native__inf_clock.dir/native_remap.c.gcda is included (trace)...
(DEBUG)   No filter matched.
(DEBUG) --> File is excluded.
(DEBUG) Check if /home/shohem/Documents/dev/zephyr-course/twister-out/native_sim_native/host/homework.unit.ring_buf/zephyr/soc/soc/native/CMakeFiles/soc__native__inf_clock.dir/native_remap.c.gcda is included (trace)...
(DEBUG) --> File is excluded.
(DEBUG) Check if native_remap.c##77ab133738ef7569690b468cc9a3f8b1.gcov.json.gz is included (gcov file)...
(DEBUG)   Filter AlwaysMatchFilter() matched.
(DEBUG) --> File is included.
(DEBUG) Check if /home/shohem/Documents/dev/zephyr-course/app/modules/ring_buf/native_remap.c##77ab133738ef7569690b468cc9a3f8b1.gcov.json.gz is included (trace)...
(DEBUG)   No filter matched.
(DEBUG) --> File is excluded.
(DEBUG) Check if /home/shohem/Documents/dev/deps/zephyr/soc/native/inf_clock/native_remap.c is included (source file)...
(DEBUG)   No filter matched.
(DEBUG) --> File is excluded.
(DEBUG) Check if /home/shohem/Documents/dev/zephyr-course/twister-out/native_sim_native/host/homework.unit.ring_buf/zephyr/soc/soc/native/CMakeFiles/soc__native__inf_clock.dir/native_tasks.c.gcda is included (trace)...
(DEBUG)   No filter matched.
(DEBUG) --> File is excluded.
(DEBUG) Check if /home/shohem/Documents/dev/zephyr-course/twister-out/native_sim_native/host/homework.unit.ring_buf/zephyr/soc/soc/native/CMakeFiles/soc__native__inf_clock.dir/native_tasks.c.gcda is included (trace)...
(DEBUG) --> File is excluded.
(DEBUG) Check if native_tasks.c##62710a7d65c59df586956674b7c0f520.gcov.json.gz is included (gcov file)...
(DEBUG)   Filter AlwaysMatchFilter() matched.
(DEBUG) --> File is included.
(DEBUG) Check if /home/shohem/Documents/dev/zephyr-course/app/modules/ring_buf/native_tasks.c##62710a7d65c59df586956674b7c0f520.gcov.json.gz is included (trace)...
(DEBUG)   No filter matched.
(DEBUG) --> File is excluded.
(DEBUG) Check if /home/shohem/Documents/dev/deps/zephyr/soc/native/inf_clock/native_tasks.c is included (source file)...
(DEBUG)   No filter matched.
(DEBUG) --> File is excluded.
(DEBUG) Check if /home/shohem/Documents/dev/zephyr-course/twister-out/native_sim_native/host/homework.unit.ring_buf/zephyr/soc/soc/native/CMakeFiles/soc__native__inf_clock.dir/soc.c.gcda is included (trace)...
(DEBUG)   No filter matched.
(DEBUG) --> File is excluded.
(DEBUG) Check if /home/shohem/Documents/dev/zephyr-course/twister-out/native_sim_native/host/homework.unit.ring_buf/zephyr/soc/soc/native/CMakeFiles/soc__native__inf_clock.dir/soc.c.gcda is included (trace)...
(DEBUG) --> File is excluded.
(DEBUG) Check if soc.c##5d3973be481bc95b049d011b168280c4.gcov.json.gz is included (gcov file)...
(DEBUG)   Filter AlwaysMatchFilter() matched.
(DEBUG) --> File is included.
(DEBUG) Check if /home/shohem/Documents/dev/zephyr-course/app/modules/ring_buf/soc.c##5d3973be481bc95b049d011b168280c4.gcov.json.gz is included (trace)...
(DEBUG)   No filter matched.
(DEBUG) --> File is excluded.
(DEBUG) Check if /home/shohem/Documents/dev/deps/zephyr/soc/native/inf_clock/soc.c is included (source file)...
(DEBUG)   No filter matched.
(DEBUG) --> File is excluded.
(DEBUG) Check if /home/shohem/Documents/dev/zephyr-course/twister-out/native_sim_native/host/homework.unit.ring_buf/zephyr/subsys/random/CMakeFiles/subsys__random.dir/random_test_csprng.c.gcda is included (trace)...
(DEBUG)   No filter matched.
(DEBUG) --> File is excluded.
(DEBUG) Check if /home/shohem/Documents/dev/zephyr-course/twister-out/native_sim_native/host/homework.unit.ring_buf/zephyr/subsys/random/CMakeFiles/subsys__random.dir/random_test_csprng.c.gcda is included (trace)...
(DEBUG) --> File is excluded.
(DEBUG) Check if random_test_csprng.c##e7f3a7d19741a514eefd2476f487312f.gcov.json.gz is included (gcov file)...
(DEBUG)   Filter AlwaysMatchFilter() matched.
(DEBUG) --> File is included.
(DEBUG) Check if /home/shohem/Documents/dev/zephyr-course/app/modules/ring_buf/random_test_csprng.c##e7f3a7d19741a514eefd2476f487312f.gcov.json.gz is included (trace)...
(DEBUG)   No filter matched.
(DEBUG) --> File is excluded.
(DEBUG) Check if /home/shohem/Documents/dev/deps/zephyr/subsys/random/random_test_csprng.c is included (source file)...
(DEBUG)   No filter matched.
(DEBUG) --> File is excluded.
(DEBUG) Check if /home/shohem/Documents/dev/zephyr-course/twister-out/native_sim_native/host/homework.unit.ring_buf/zephyr/include/generated/zephyr/syscalls/random.h is included (source file)...
(DEBUG)   No filter matched.
(DEBUG) --> File is excluded.
(DEBUG) Check if /home/shohem/Documents/dev/zephyr-course/twister-out/native_sim_native/host/homework.unit.ring_buf/zephyr/subsys/random/CMakeFiles/subsys__random.dir/random_timer.c.gcda is included (trace)...
(DEBUG)   No filter matched.
(DEBUG) --> File is excluded.
(DEBUG) Check if /home/shohem/Documents/dev/zephyr-course/twister-out/native_sim_native/host/homework.unit.ring_buf/zephyr/subsys/random/CMakeFiles/subsys__random.dir/random_timer.c.gcda is included (trace)...
(DEBUG) --> File is excluded.
(DEBUG) Check if random_timer.c##14ae6b866bfc4b1c6c829db95a6ce0f5.gcov.json.gz is included (gcov file)...
(DEBUG)   Filter AlwaysMatchFilter() matched.
(DEBUG) --> File is included.
(DEBUG) Check if /home/shohem/Documents/dev/zephyr-course/app/modules/ring_buf/random_timer.c##14ae6b866bfc4b1c6c829db95a6ce0f5.gcov.json.gz is included (trace)...
(DEBUG)   No filter matched.
(DEBUG) --> File is excluded.
(DEBUG) Check if /home/shohem/Documents/dev/deps/zephyr/subsys/random/random_timer.c is included (source file)...
(DEBUG)   No filter matched.
(DEBUG) --> File is excluded.
(DEBUG) Check if /home/shohem/Documents/dev/deps/zephyr/include/zephyr/kernel.h is included (source file)...
(DEBUG) --> File is excluded.
(DEBUG) Check if /home/shohem/Documents/dev/deps/zephyr/include/zephyr/spinlock.h is included (source file)...
(DEBUG) --> File is excluded.
(DEBUG) Check if /home/shohem/Documents/dev/deps/zephyr/include/zephyr/arch/posix/arch.h is included (source file)...
(DEBUG) --> File is excluded.
(DEBUG) Check if /home/shohem/Documents/dev/zephyr-course/twister-out/native_sim_native/host/homework.unit.ring_buf/zephyr/subsys/testsuite/ztest/CMakeFiles/subsys__testsuite__ztest.dir/src/ztest.c.gcda is included (trace)...
(DEBUG)   No filter matched.
(DEBUG) --> File is excluded.
(DEBUG) Check if /home/shohem/Documents/dev/zephyr-course/twister-out/native_sim_native/host/homework.unit.ring_buf/zephyr/subsys/testsuite/ztest/CMakeFiles/subsys__testsuite__ztest.dir/src/ztest.c.gcda is included (trace)...
(DEBUG) --> File is excluded.
(DEBUG) Check if ztest.c##1c80d3b9bf7db2af96ab3ce3095b1d38.gcov.json.gz is included (gcov file)...
(DEBUG)   Filter AlwaysMatchFilter() matched.
(DEBUG) --> File is included.
(DEBUG) Check if /home/shohem/Documents/dev/zephyr-course/app/modules/ring_buf/ztest.c##1c80d3b9bf7db2af96ab3ce3095b1d38.gcov.json.gz is included (trace)...
(DEBUG)   No filter matched.
(DEBUG) --> File is excluded.
(DEBUG) Check if /home/shohem/Documents/dev/deps/zephyr/subsys/testsuite/ztest/src/ztest.c is included (source file)...
(DEBUG)   No filter matched.
(DEBUG) --> File is excluded.
(DEBUG) Check if /home/shohem/Documents/dev/zephyr-course/twister-out/native_sim_native/host/homework.unit.ring_buf/zephyr/include/generated/zephyr/syscalls/random.h is included (source file)...
(DEBUG) --> File is excluded.
(DEBUG) Check if /home/shohem/Documents/dev/deps/zephyr/include/zephyr/random/random.h is included (source file)...
(DEBUG)   No filter matched.
(DEBUG) --> File is excluded.
(DEBUG) Check if /home/shohem/Documents/dev/zephyr-course/twister-out/native_sim_native/host/homework.unit.ring_buf/zephyr/include/generated/zephyr/syscalls/ztest_test.h is included (source file)...
(DEBUG)   No filter matched.
(DEBUG) --> File is excluded.
(DEBUG) Check if /home/shohem/Documents/dev/zephyr-course/twister-out/native_sim_native/host/homework.unit.ring_buf/zephyr/include/generated/zephyr/syscalls/log_ctrl.h is included (source file)...
(DEBUG) --> File is excluded.
(DEBUG) Check if /home/shohem/Documents/dev/deps/zephyr/include/zephyr/logging/log_ctrl.h is included (source file)...
(DEBUG)   No filter matched.
(DEBUG) --> File is excluded.
(DEBUG) Check if /home/shohem/Documents/dev/deps/zephyr/subsys/testsuite/include/zephyr/tc_util.h is included (source file)...
(DEBUG)   No filter matched.
(DEBUG) --> File is excluded.
(DEBUG) Check if /home/shohem/Documents/dev/zephyr-course/twister-out/native_sim_native/host/homework.unit.ring_buf/zephyr/include/generated/zephyr/syscalls/kernel.h is included (source file)...
(DEBUG) --> File is excluded.
(DEBUG) Check if /home/shohem/Documents/dev/deps/zephyr/include/zephyr/kernel.h is included (source file)...
(DEBUG) --> File is excluded.
(DEBUG) Check if /home/shohem/Documents/dev/zephyr-course/twister-out/native_sim_native/host/homework.unit.ring_buf/zephyr/include/generated/zephyr/syscalls/kobject.h is included (source file)...
(DEBUG)   No filter matched.
(DEBUG) --> File is excluded.
(DEBUG) Check if /home/shohem/Documents/dev/deps/zephyr/include/zephyr/sys/kobject.h is included (source file)...
(DEBUG)   No filter matched.
(DEBUG) --> File is excluded.
(DEBUG) Check if /home/shohem/Documents/dev/deps/zephyr/include/zephyr/arch/posix/arch.h is included (source file)...
(DEBUG) --> File is excluded.
(DEBUG) Check if /home/shohem/Documents/dev/zephyr-course/twister-out/native_sim_native/host/homework.unit.ring_buf/zephyr/subsys/testsuite/ztest/CMakeFiles/subsys__testsuite__ztest.dir/src/ztest_error_hook.c.gcno is included (trace)...
(DEBUG)   No filter matched.
(DEBUG) --> File is excluded.
(DEBUG) Check if /home/shohem/Documents/dev/zephyr-course/twister-out/native_sim_native/host/homework.unit.ring_buf/zephyr/subsys/testsuite/ztest/CMakeFiles/subsys__testsuite__ztest.dir/src/ztest_error_hook.c.gcno is included (trace)...
(DEBUG) --> File is excluded.
(DEBUG) Check if ztest_error_hook.c##987be22aa8c9e9795251b34886014482.gcov.json.gz is included (gcov file)...
(DEBUG)   Filter AlwaysMatchFilter() matched.
(DEBUG) --> File is included.
(DEBUG) Check if /home/shohem/Documents/dev/zephyr-course/app/modules/ring_buf/ztest_error_hook.c##987be22aa8c9e9795251b34886014482.gcov.json.gz is included (trace)...
(DEBUG)   No filter matched.
(DEBUG) --> File is excluded.
(DEBUG) Check if /home/shohem/Documents/dev/zephyr-course/twister-out/native_sim_native/host/homework.unit.ring_buf/zephyr/subsys/testsuite/ztest/CMakeFiles/subsys__testsuite__ztest.dir/src/ztest_posix.c.gcda is included (trace)...
(DEBUG)   No filter matched.
(DEBUG) --> File is excluded.
(DEBUG) Check if /home/shohem/Documents/dev/zephyr-course/twister-out/native_sim_native/host/homework.unit.ring_buf/zephyr/subsys/testsuite/ztest/CMakeFiles/subsys__testsuite__ztest.dir/src/ztest_posix.c.gcda is included (trace)...
(DEBUG) --> File is excluded.
(DEBUG) Check if ztest_posix.c##2cef29f921017fc880de000a11924442.gcov.json.gz is included (gcov file)...
(DEBUG)   Filter AlwaysMatchFilter() matched.
(DEBUG) --> File is included.
(DEBUG) Check if /home/shohem/Documents/dev/zephyr-course/app/modules/ring_buf/ztest_posix.c##2cef29f921017fc880de000a11924442.gcov.json.gz is included (trace)...
(DEBUG)   No filter matched.
(DEBUG) --> File is excluded.
(DEBUG) Check if /home/shohem/Documents/dev/deps/zephyr/subsys/testsuite/ztest/src/ztest_posix.c is included (source file)...
(DEBUG)   No filter matched.
(DEBUG) --> File is excluded.
(DEBUG) Check if /home/shohem/Documents/dev/zephyr-course/twister-out/native_sim_native/host/homework.unit.ring_buf/zephyr/include/generated/zephyr/syscalls/ztest_test.h is included (source file)...
(DEBUG) --> File is excluded.
(DEBUG) Check if /home/shohem/Documents/dev/zephyr-course/twister-out/native_sim_native/host/homework.unit.ring_buf/zephyr/subsys/testsuite/ztest/CMakeFiles/subsys__testsuite__ztest.dir/src/ztest_rules.c.gcno is included (trace)...
(DEBUG)   No filter matched.
(DEBUG) --> File is excluded.
(DEBUG) Check if /home/shohem/Documents/dev/zephyr-course/twister-out/native_sim_native/host/homework.unit.ring_buf/zephyr/subsys/testsuite/ztest/CMakeFiles/subsys__testsuite__ztest.dir/src/ztest_rules.c.gcno is included (trace)...
(DEBUG) --> File is excluded.
(DEBUG) Check if ztest_rules.c##a096666e5ff4f26ef48d00bbf149938d.gcov.json.gz is included (gcov file)...
(DEBUG)   Filter AlwaysMatchFilter() matched.
(DEBUG) --> File is included.
(DEBUG) Check if /home/shohem/Documents/dev/zephyr-course/app/modules/ring_buf/ztest_rules.c##a096666e5ff4f26ef48d00bbf149938d.gcov.json.gz is included (trace)...
(DEBUG)   No filter matched.
(DEBUG) --> File is excluded.
(INFO) Writing coverage report...
Running: gcovr -r /home/shohem/Documents/dev/zephyr-course/app/modules/ring_buf -v --merge-mode-functions=separate --gcov-executable gcov -f tests/ztest -e tests/ztest/test/* --json -o /home/shohem/Documents/dev/zephyr-course/twister-out/ztest.json /home/shohem/Documents/dev/zephyr-course/twister-out
(DEBUG) gcovr version 8.6
(DEBUG) File system is case sensitive.
(DEBUG) Filters for --filter: (1)
(DEBUG)  - RelativeFilter(tests/ztest root=/home/shohem/Documents/dev/zephyr-course)
(DEBUG) Filters for --exclude: (1)
(DEBUG)  - RelativeFilter(tests/ztest/test/* root=/home/shohem/Documents/dev/zephyr-course)
(DEBUG) Filters for --include: (0)
(DEBUG) Filters for --gcov-filter: (1)
(DEBUG)  - AlwaysMatchFilter()
(DEBUG) Filters for --gcov-exclude: (0)
(DEBUG) Filters for --exclude-directory: (0)
(DEBUG) Filters for --trace-include: (0)
(DEBUG) Filters for --trace-exclude: (0)
(DEBUG) Patterns for --exclude-function: (0)
(DEBUG) Patterns for --exclude-lines-by-pattern: (0)
(DEBUG) Patterns for --exclude-branches-by-pattern: (0)
(INFO) Reading coverage data...
(DEBUG) Scanning directory twister-out for gcda/gcno files...
(DEBUG) Found 176 files (and will process 99)
(DEBUG) Using 1 workers.
(DEBUG) Pool started with 1 threads
(DEBUG) Check if /home/shohem/Documents/dev/zephyr-course/twister-out/native_sim_native/host/homework.unit.ring_buf/CMakeFiles/app.dir/home/shohem/Documents/dev/zephyr-course/app/modules/ring_buf/src/ring_buf.c.gcda is included (trace)...
(DEBUG)   No filter matched.
(DEBUG) --> File is excluded.
(DEBUG) GCOV capabilities: JSON format available.
(DEBUG) GCOV capabilities: Condition coverage available.
(DEBUG) GCOV capabilities: Demangled names available.
(DEBUG) GCOV capabilities: Hashing of filenames available.
(DEBUG) Check if /home/shohem/Documents/dev/zephyr-course/twister-out/native_sim_native/host/homework.unit.ring_buf/CMakeFiles/app.dir/home/shohem/Documents/dev/zephyr-course/app/modules/ring_buf/src/ring_buf.c.gcda is included (trace)...
(DEBUG) --> File is excluded.
(DEBUG) Check if ring_buf.c##0d2dc7d1050ace2dbc0018f1e5266679.gcov.json.gz is included (gcov file)...
(DEBUG)   Filter AlwaysMatchFilter() matched.
(DEBUG) --> File is included.
(DEBUG) Check if /home/shohem/Documents/dev/zephyr-course/app/modules/ring_buf/ring_buf.c##0d2dc7d1050ace2dbc0018f1e5266679.gcov.json.gz is included (trace)...
(DEBUG)   No filter matched.
(DEBUG) --> File is excluded.
(DEBUG) Check if /home/shohem/Documents/dev/zephyr-course/app/modules/ring_buf/src/ring_buf.c is included (source file)...
(DEBUG)   No filter matched.
(DEBUG) --> File is excluded.
(DEBUG) Check if /home/shohem/Documents/dev/deps/zephyr/include/zephyr/logging/log_msg.h is included (source file)...
(DEBUG)   No filter matched.
(DEBUG) --> File is excluded.
(DEBUG) Check if /home/shohem/Documents/dev/zephyr-course/twister-out/native_sim_native/host/homework.unit.ring_buf/CMakeFiles/app.dir/src/test_ring_buf.c.gcda is included (trace)...
(DEBUG)   No filter matched.
(DEBUG) --> File is excluded.
(DEBUG) Check if /home/shohem/Documents/dev/zephyr-course/twister-out/native_sim_native/host/homework.unit.ring_buf/CMakeFiles/app.dir/src/test_ring_buf.c.gcda is included (trace)...
(DEBUG) --> File is excluded.
(DEBUG) Check if test_ring_buf.c##ab41f1bdbb61a1b3b9315414f6e2cced.gcov.json.gz is included (gcov file)...
(DEBUG)   Filter AlwaysMatchFilter() matched.
(DEBUG) --> File is included.
(DEBUG) Check if /home/shohem/Documents/dev/zephyr-course/app/modules/ring_buf/test_ring_buf.c##ab41f1bdbb61a1b3b9315414f6e2cced.gcov.json.gz is included (trace)...
(DEBUG)   No filter matched.
(DEBUG) --> File is excluded.
(DEBUG) Check if /home/shohem/Documents/dev/zephyr-course/tests/ring_buf/src/test_ring_buf.c is included (source file)...
(DEBUG)   No filter matched.
(DEBUG) --> File is excluded.
(DEBUG) Check if /home/shohem/Documents/dev/deps/zephyr/subsys/testsuite/ztest/include/zephyr/ztest_assert.h is included (source file)...
(DEBUG)   No filter matched.
(DEBUG) --> File is excluded.
(DEBUG) Check if /home/shohem/Documents/dev/zephyr-course/twister-out/native_sim_native/host/homework.unit.ring_buf/zephyr/CMakeFiles/offsets.dir/arch/posix/core/offsets/offsets.c.gcda is included (trace)...
(DEBUG)   No filter matched.
(DEBUG) --> File is excluded.
(DEBUG) Check if /home/shohem/Documents/dev/zephyr-course/twister-out/native_sim_native/host/homework.unit.ring_buf/zephyr/CMakeFiles/offsets.dir/arch/posix/core/offsets/offsets.c.gcda is included (trace)...
(DEBUG) --> File is excluded.
(DEBUG) Check if offsets.c##5f42d95c9ccbc3d424703adee612cf7f.gcov.json.gz is included (gcov file)...
(DEBUG)   Filter AlwaysMatchFilter() matched.
(DEBUG) --> File is included.
(DEBUG) Check if /home/shohem/Documents/dev/zephyr-course/app/modules/ring_buf/offsets.c##5f42d95c9ccbc3d424703adee612cf7f.gcov.json.gz is included (trace)...
(DEBUG)   No filter matched.
(DEBUG) --> File is excluded.
(DEBUG) Check if /home/shohem/Documents/dev/deps/zephyr/kernel/include/kernel_offsets.h is included (source file)...
(DEBUG)   No filter matched.
(DEBUG) --> File is excluded.
(DEBUG) Check if /home/shohem/Documents/dev/deps/zephyr/arch/posix/core/offsets/offsets.c is included (source file)...
(DEBUG)   No filter matched.
(DEBUG) --> File is excluded.
(DEBUG) Check if /home/shohem/Documents/dev/zephyr-course/twister-out/native_sim_native/host/homework.unit.ring_buf/zephyr/CMakeFiles/zephyr.dir/lib/heap/heap.c.gcda is included (trace)...
(DEBUG)   No filter matched.
(DEBUG) --> File is excluded.
(DEBUG) Check if /home/shohem/Documents/dev/zephyr-course/twister-out/native_sim_native/host/homework.unit.ring_buf/zephyr/CMakeFiles/zephyr.dir/lib/heap/heap.c.gcda is included (trace)...
(DEBUG) --> File is excluded.
(DEBUG) Check if heap.c##1cfab1036ddce7ec78dac67efc19c216.gcov.json.gz is included (gcov file)...
(DEBUG)   Filter AlwaysMatchFilter() matched.
(DEBUG) --> File is included.
(DEBUG) Check if /home/shohem/Documents/dev/zephyr-course/app/modules/ring_buf/heap.c##1cfab1036ddce7ec78dac67efc19c216.gcov.json.gz is included (trace)...
(DEBUG)   No filter matched.
(DEBUG) --> File is excluded.
(DEBUG) Check if /home/shohem/Documents/dev/deps/zephyr/lib/heap/heap.c is included (source file)...
(DEBUG)   No filter matched.
(DEBUG) --> File is excluded.
(DEBUG) Check if /home/shohem/Documents/dev/deps/zephyr/lib/heap/heap.h is included (source file)...
(DEBUG)   No filter matched.
(DEBUG) --> File is excluded.
(DEBUG) Check if /home/shohem/Documents/dev/zephyr-course/twister-out/native_sim_native/host/homework.unit.ring_buf/zephyr/CMakeFiles/zephyr.dir/lib/os/assert.c.gcda is included (trace)...
(DEBUG)   No filter matched.
(DEBUG) --> File is excluded.
(DEBUG) Check if /home/shohem/Documents/dev/zephyr-course/twister-out/native_sim_native/host/homework.unit.ring_buf/zephyr/CMakeFiles/zephyr.dir/lib/os/assert.c.gcda is included (trace)...
(DEBUG) --> File is excluded.
(DEBUG) Check if assert.c##87b41368e1b23ad47b5b74d7b6a01df5.gcov.json.gz is included (gcov file)...
(DEBUG)   Filter AlwaysMatchFilter() matched.
(DEBUG) --> File is included.
(DEBUG) Check if /home/shohem/Documents/dev/zephyr-course/app/modules/ring_buf/assert.c##87b41368e1b23ad47b5b74d7b6a01df5.gcov.json.gz is included (trace)...
(DEBUG)   No filter matched.
(DEBUG) --> File is excluded.
(DEBUG) Check if /home/shohem/Documents/dev/deps/zephyr/lib/os/assert.c is included (source file)...
(DEBUG)   No filter matched.
(DEBUG) --> File is excluded.
(DEBUG) Check if /home/shohem/Documents/dev/zephyr-course/twister-out/native_sim_native/host/homework.unit.ring_buf/zephyr/CMakeFiles/zephyr.dir/lib/os/cbprintf.c.gcda is included (trace)...
(DEBUG)   No filter matched.
(DEBUG) --> File is excluded.
(DEBUG) Check if /home/shohem/Documents/dev/zephyr-course/twister-out/native_sim_native/host/homework.unit.ring_buf/zephyr/CMakeFiles/zephyr.dir/lib/os/cbprintf.c.gcda is included (trace)...
(DEBUG) --> File is excluded.
(DEBUG) Check if cbprintf.c##789c0275f2820b0ebff8acb6ec224be3.gcov.json.gz is included (gcov file)...
(DEBUG)   Filter AlwaysMatchFilter() matched.
(DEBUG) --> File is included.
(DEBUG) Check if /home/shohem/Documents/dev/zephyr-course/app/modules/ring_buf/cbprintf.c##789c0275f2820b0ebff8acb6ec224be3.gcov.json.gz is included (trace)...
(DEBUG)   No filter matched.
(DEBUG) --> File is excluded.
(DEBUG) Check if /home/shohem/Documents/dev/deps/zephyr/lib/os/cbprintf.c is included (source file)...
(DEBUG)   No filter matched.
(DEBUG) --> File is excluded.
(DEBUG) Check if /home/shohem/Documents/dev/deps/zephyr/include/zephyr/sys/cbprintf.h is included (source file)...
(DEBUG)   No filter matched.
(DEBUG) --> File is excluded.
(DEBUG) Check if /home/shohem/Documents/dev/zephyr-course/twister-out/native_sim_native/host/homework.unit.ring_buf/zephyr/CMakeFiles/zephyr.dir/lib/os/cbprintf_complete.c.gcda is included (trace)...
(DEBUG)   No filter matched.
(DEBUG) --> File is excluded.
(DEBUG) Check if /home/shohem/Documents/dev/zephyr-course/twister-out/native_sim_native/host/homework.unit.ring_buf/zephyr/CMakeFiles/zephyr.dir/lib/os/cbprintf_complete.c.gcda is included (trace)...
(DEBUG) --> File is excluded.
(DEBUG) Check if cbprintf_complete.c##b987f9671de021af305309d510b53102.gcov.json.gz is included (gcov file)...
(DEBUG)   Filter AlwaysMatchFilter() matched.
(DEBUG) --> File is included.
(DEBUG) Check if /home/shohem/Documents/dev/zephyr-course/app/modules/ring_buf/cbprintf_complete.c##b987f9671de021af305309d510b53102.gcov.json.gz is included (trace)...
(DEBUG)   No filter matched.
(DEBUG) --> File is excluded.
(DEBUG) Check if /home/shohem/Documents/dev/deps/zephyr/lib/os/cbprintf_complete.c is included (source file)...
(DEBUG)   No filter matched.
(DEBUG) --> File is excluded.
(DEBUG) Check if /home/shohem/Documents/dev/zephyr-course/twister-out/native_sim_native/host/homework.unit.ring_buf/zephyr/CMakeFiles/zephyr.dir/lib/os/cbprintf_packaged.c.gcda is included (trace)...
(DEBUG)   No filter matched.
(DEBUG) --> File is excluded.
(DEBUG) Check if /home/shohem/Documents/dev/zephyr-course/twister-out/native_sim_native/host/homework.unit.ring_buf/zephyr/CMakeFiles/zephyr.dir/lib/os/cbprintf_packaged.c.gcda is included (trace)...
(DEBUG) --> File is excluded.
(DEBUG) Check if cbprintf_packaged.c##f27c8959f01a3337ca42de4c90fbc1d3.gcov.json.gz is included (gcov file)...
(DEBUG)   Filter AlwaysMatchFilter() matched.
(DEBUG) --> File is included.
(DEBUG) Check if /home/shohem/Documents/dev/zephyr-course/app/modules/ring_buf/cbprintf_packaged.c##f27c8959f01a3337ca42de4c90fbc1d3.gcov.json.gz is included (trace)...
(DEBUG)   No filter matched.
(DEBUG) --> File is excluded.
(DEBUG) Check if /home/shohem/Documents/dev/deps/zephyr/lib/os/cbprintf_packaged.c is included (source file)...
(DEBUG)   No filter matched.
(DEBUG) --> File is excluded.
(DEBUG) Check if /home/shohem/Documents/dev/deps/zephyr/include/zephyr/logging/log_msg.h is included (source file)...
(DEBUG) --> File is excluded.
(DEBUG) Check if /home/shohem/Documents/dev/deps/zephyr/include/zephyr/linker/utils.h is included (source file)...
(DEBUG)   No filter matched.
(DEBUG) --> File is excluded.
(DEBUG) Check if /home/shohem/Documents/dev/zephyr-course/twister-out/native_sim_native/host/homework.unit.ring_buf/zephyr/CMakeFiles/zephyr.dir/lib/os/clock.c.gcda is included (trace)...
(DEBUG)   No filter matched.
(DEBUG) --> File is excluded.
(DEBUG) Check if /home/shohem/Documents/dev/zephyr-course/twister-out/native_sim_native/host/homework.unit.ring_buf/zephyr/CMakeFiles/zephyr.dir/lib/os/clock.c.gcda is included (trace)...
(DEBUG) --> File is excluded.
(DEBUG) Check if clock.c##23d0a0bef88085759639f52a9fbd62f3.gcov.json.gz is included (gcov file)...
(DEBUG)   Filter AlwaysMatchFilter() matched.
(DEBUG) --> File is included.
(DEBUG) Check if /home/shohem/Documents/dev/zephyr-course/app/modules/ring_buf/clock.c##23d0a0bef88085759639f52a9fbd62f3.gcov.json.gz is included (trace)...
(DEBUG)   No filter matched.
(DEBUG) --> File is excluded.
(DEBUG) Check if /home/shohem/Documents/dev/deps/zephyr/lib/os/clock.c is included (source file)...
(DEBUG)   No filter matched.
(DEBUG) --> File is excluded.
(DEBUG) Check if /home/shohem/Documents/dev/deps/zephyr/include/zephyr/sys/timeutil.h is included (source file)...
(DEBUG)   No filter matched.
(DEBUG) --> File is excluded.
(DEBUG) Check if /home/shohem/Documents/dev/zephyr-course/twister-out/native_sim_native/host/homework.unit.ring_buf/zephyr/include/generated/zephyr/syscalls/kernel.h is included (source file)...
(DEBUG)   No filter matched.
(DEBUG) --> File is excluded.
(DEBUG) Check if /home/shohem/Documents/dev/deps/zephyr/include/zephyr/spinlock.h is included (source file)...
(DEBUG)   No filter matched.
(DEBUG) --> File is excluded.
(DEBUG) Check if /home/shohem/Documents/dev/zephyr-course/twister-out/native_sim_native/host/homework.unit.ring_buf/zephyr/include/generated/zephyr/syscalls/clock.h is included (source file)...
(DEBUG)   No filter matched.
(DEBUG) --> File is excluded.
(DEBUG) Check if /home/shohem/Documents/dev/deps/zephyr/include/zephyr/arch/posix/arch.h is included (source file)...
(DEBUG)   No filter matched.
(DEBUG) --> File is excluded.
(DEBUG) Check if /home/shohem/Documents/dev/zephyr-course/twister-out/native_sim_native/host/homework.unit.ring_buf/zephyr/CMakeFiles/zephyr.dir/lib/os/printk.c.gcda is included (trace)...
(DEBUG)   No filter matched.
(DEBUG) --> File is excluded.
(DEBUG) Check if /home/shohem/Documents/dev/zephyr-course/twister-out/native_sim_native/host/homework.unit.ring_buf/zephyr/CMakeFiles/zephyr.dir/lib/os/printk.c.gcda is included (trace)...
(DEBUG) --> File is excluded.
(DEBUG) Check if printk.c##859d710d5abf270793d1aab9278775e0.gcov.json.gz is included (gcov file)...
(DEBUG)   Filter AlwaysMatchFilter() matched.
(DEBUG) --> File is included.
(DEBUG) Check if /home/shohem/Documents/dev/zephyr-course/app/modules/ring_buf/printk.c##859d710d5abf270793d1aab9278775e0.gcov.json.gz is included (trace)...
(DEBUG)   No filter matched.
(DEBUG) --> File is excluded.
(DEBUG) Check if /home/shohem/Documents/dev/deps/zephyr/lib/os/printk.c is included (source file)...
(DEBUG)   No filter matched.
(DEBUG) --> File is excluded.
(DEBUG) Check if /home/shohem/Documents/dev/deps/zephyr/include/zephyr/sys/cbprintf.h is included (source file)...
(DEBUG) --> File is excluded.
(DEBUG) Check if /home/shohem/Documents/dev/zephyr-course/twister-out/native_sim_native/host/homework.unit.ring_buf/zephyr/include/generated/zephyr/syscalls/kernel.h is included (source file)...
(DEBUG) --> File is excluded.
(DEBUG) Check if /home/shohem/Documents/dev/zephyr-course/twister-out/native_sim_native/host/homework.unit.ring_buf/zephyr/CMakeFiles/zephyr.dir/lib/os/sem.c.gcda is included (trace)...
(DEBUG)   No filter matched.
(DEBUG) --> File is excluded.
(DEBUG) Check if /home/shohem/Documents/dev/zephyr-course/twister-out/native_sim_native/host/homework.unit.ring_buf/zephyr/CMakeFiles/zephyr.dir/lib/os/sem.c.gcda is included (trace)...
(DEBUG) --> File is excluded.
(DEBUG) Check if sem.c##f24fe7ba2abb3e5e768b0b53bb8a603b.gcov.json.gz is included (gcov file)...
(DEBUG)   Filter AlwaysMatchFilter() matched.
(DEBUG) --> File is included.
(DEBUG) Check if /home/shohem/Documents/dev/zephyr-course/app/modules/ring_buf/sem.c##f24fe7ba2abb3e5e768b0b53bb8a603b.gcov.json.gz is included (trace)...
(DEBUG)   No filter matched.
(DEBUG) --> File is excluded.
(DEBUG) Check if /home/shohem/Documents/dev/deps/zephyr/lib/os/sem.c is included (source file)...
(DEBUG)   No filter matched.
(DEBUG) --> File is excluded.
(DEBUG) Check if /home/shohem/Documents/dev/zephyr-course/twister-out/native_sim_native/host/homework.unit.ring_buf/zephyr/include/generated/zephyr/syscalls/kernel.h is included (source file)...
(DEBUG) --> File is excluded.
(DEBUG) Check if /home/shohem/Documents/dev/deps/zephyr/include/zephyr/kernel.h is included (source file)...
(DEBUG)   No filter matched.
(DEBUG) --> File is excluded.
(DEBUG) Check if /home/shohem/Documents/dev/zephyr-course/twister-out/native_sim_native/host/homework.unit.ring_buf/zephyr/CMakeFiles/zephyr.dir/lib/os/thread_entry.c.gcda is included (trace)...
(DEBUG)   No filter matched.
(DEBUG) --> File is excluded.
(DEBUG) Check if /home/shohem/Documents/dev/zephyr-course/twister-out/native_sim_native/host/homework.unit.ring_buf/zephyr/CMakeFiles/zephyr.dir/lib/os/thread_entry.c.gcda is included (trace)...
(DEBUG) --> File is excluded.
(DEBUG) Check if thread_entry.c##d9b534b848427206c7a7fa16ae57d2c6.gcov.json.gz is included (gcov file)...
(DEBUG)   Filter AlwaysMatchFilter() matched.
(DEBUG) --> File is included.
(DEBUG) Check if /home/shohem/Documents/dev/zephyr-course/app/modules/ring_buf/thread_entry.c##d9b534b848427206c7a7fa16ae57d2c6.gcov.json.gz is included (trace)...
(DEBUG)   No filter matched.
(DEBUG) --> File is excluded.
(DEBUG) Check if /home/shohem/Documents/dev/deps/zephyr/lib/os/thread_entry.c is included (source file)...
(DEBUG)   No filter matched.
(DEBUG) --> File is excluded.
(DEBUG) Check if /home/shohem/Documents/dev/zephyr-course/twister-out/native_sim_native/host/homework.unit.ring_buf/zephyr/include/generated/zephyr/syscalls/kernel.h is included (source file)...
(DEBUG) --> File is excluded.
(DEBUG) Check if /home/shohem/Documents/dev/deps/zephyr/include/zephyr/kernel.h is included (source file)...
(DEBUG) --> File is excluded.
(DEBUG) Check if /home/shohem/Documents/dev/zephyr-course/twister-out/native_sim_native/host/homework.unit.ring_buf/zephyr/CMakeFiles/zephyr.dir/lib/utils/bitarray.c.gcda is included (trace)...
(DEBUG)   No filter matched.
(DEBUG) --> File is excluded.
(DEBUG) Check if /home/shohem/Documents/dev/zephyr-course/twister-out/native_sim_native/host/homework.unit.ring_buf/zephyr/CMakeFiles/zephyr.dir/lib/utils/bitarray.c.gcda is included (trace)...
(DEBUG) --> File is excluded.
(DEBUG) Check if bitarray.c##ac36ae9c59a9583ead08ca5f9eded56b.gcov.json.gz is included (gcov file)...
(DEBUG)   Filter AlwaysMatchFilter() matched.
(DEBUG) --> File is included.
(DEBUG) Check if /home/shohem/Documents/dev/zephyr-course/app/modules/ring_buf/bitarray.c##ac36ae9c59a9583ead08ca5f9eded56b.gcov.json.gz is included (trace)...
(DEBUG)   No filter matched.
(DEBUG) --> File is excluded.
(DEBUG) Check if /home/shohem/Documents/dev/deps/zephyr/lib/utils/bitarray.c is included (source file)...
(DEBUG)   No filter matched.
(DEBUG) --> File is excluded.
(DEBUG) Check if /home/shohem/Documents/dev/deps/zephyr/include/zephyr/spinlock.h is included (source file)...
(DEBUG) --> File is excluded.
(DEBUG) Check if /home/shohem/Documents/dev/deps/zephyr/include/zephyr/arch/posix/arch.h is included (source file)...
(DEBUG) --> File is excluded.
(DEBUG) Check if /home/shohem/Documents/dev/deps/zephyr/include/zephyr/arch/common/ffs.h is included (source file)...
(DEBUG)   No filter matched.
(DEBUG) --> File is excluded.
(DEBUG) Check if /home/shohem/Documents/dev/zephyr-course/twister-out/native_sim_native/host/homework.unit.ring_buf/zephyr/CMakeFiles/zephyr.dir/lib/utils/dec.c.gcda is included (trace)...
(DEBUG)   No filter matched.
(DEBUG) --> File is excluded.
(DEBUG) Check if /home/shohem/Documents/dev/zephyr-course/twister-out/native_sim_native/host/homework.unit.ring_buf/zephyr/CMakeFiles/zephyr.dir/lib/utils/dec.c.gcda is included (trace)...
(DEBUG) --> File is excluded.
(DEBUG) Check if dec.c##1b3b24077679f57a3883fa50ffce8403.gcov.json.gz is included (gcov file)...
(DEBUG)   Filter AlwaysMatchFilter() matched.
(DEBUG) --> File is included.
(DEBUG) Check if /home/shohem/Documents/dev/zephyr-course/app/modules/ring_buf/dec.c##1b3b24077679f57a3883fa50ffce8403.gcov.json.gz is included (trace)...
(DEBUG)   No filter matched.
(DEBUG) --> File is excluded.
(DEBUG) Check if /home/shohem/Documents/dev/deps/zephyr/lib/utils/dec.c is included (source file)...
(DEBUG)   No filter matched.
(DEBUG) --> File is excluded.
(DEBUG) Check if /home/shohem/Documents/dev/zephyr-course/twister-out/native_sim_native/host/homework.unit.ring_buf/zephyr/CMakeFiles/zephyr.dir/lib/utils/hex.c.gcda is included (trace)...
(DEBUG)   No filter matched.
(DEBUG) --> File is excluded.
(DEBUG) Check if /home/shohem/Documents/dev/zephyr-course/twister-out/native_sim_native/host/homework.unit.ring_buf/zephyr/CMakeFiles/zephyr.dir/lib/utils/hex.c.gcda is included (trace)...
(DEBUG) --> File is excluded.
(DEBUG) Check if hex.c##d61df5364870d09a18fbcf9c1923f5dc.gcov.json.gz is included (gcov file)...
(DEBUG)   Filter AlwaysMatchFilter() matched.
(DEBUG) --> File is included.
(DEBUG) Check if /home/shohem/Documents/dev/zephyr-course/app/modules/ring_buf/hex.c##d61df5364870d09a18fbcf9c1923f5dc.gcov.json.gz is included (trace)...
(DEBUG)   No filter matched.
(DEBUG) --> File is excluded.
(DEBUG) Check if /home/shohem/Documents/dev/deps/zephyr/lib/utils/hex.c is included (source file)...
(DEBUG)   No filter matched.
(DEBUG) --> File is excluded.
(DEBUG) Check if /home/shohem/Documents/dev/zephyr-course/twister-out/native_sim_native/host/homework.unit.ring_buf/zephyr/CMakeFiles/zephyr.dir/lib/utils/rb.c.gcda is included (trace)...
(DEBUG)   No filter matched.
(DEBUG) --> File is excluded.
(DEBUG) Check if /home/shohem/Documents/dev/zephyr-course/twister-out/native_sim_native/host/homework.unit.ring_buf/zephyr/CMakeFiles/zephyr.dir/lib/utils/rb.c.gcda is included (trace)...
(DEBUG) --> File is excluded.
(DEBUG) Check if rb.c##3d1b3358c90880cfca69059db5c423c4.gcov.json.gz is included (gcov file)...
(DEBUG)   Filter AlwaysMatchFilter() matched.
(DEBUG) --> File is included.
(DEBUG) Check if /home/shohem/Documents/dev/zephyr-course/app/modules/ring_buf/rb.c##3d1b3358c90880cfca69059db5c423c4.gcov.json.gz is included (trace)...
(DEBUG)   No filter matched.
(DEBUG) --> File is excluded.
(DEBUG) Check if /home/shohem/Documents/dev/deps/zephyr/lib/utils/rb.c is included (source file)...
(DEBUG)   No filter matched.
(DEBUG) --> File is excluded.
(DEBUG) Check if /home/shohem/Documents/dev/zephyr-course/twister-out/native_sim_native/host/homework.unit.ring_buf/zephyr/CMakeFiles/zephyr.dir/lib/utils/ring_buffer.c.gcda is included (trace)...
(DEBUG)   No filter matched.
(DEBUG) --> File is excluded.
(DEBUG) Check if /home/shohem/Documents/dev/zephyr-course/twister-out/native_sim_native/host/homework.unit.ring_buf/zephyr/CMakeFiles/zephyr.dir/lib/utils/ring_buffer.c.gcda is included (trace)...
(DEBUG) --> File is excluded.
(DEBUG) Check if ring_buffer.c##aff054c44121558e2290378cefdc4bc0.gcov.json.gz is included (gcov file)...
(DEBUG)   Filter AlwaysMatchFilter() matched.
(DEBUG) --> File is included.
(DEBUG) Check if /home/shohem/Documents/dev/zephyr-course/app/modules/ring_buf/ring_buffer.c##aff054c44121558e2290378cefdc4bc0.gcov.json.gz is included (trace)...
(DEBUG)   No filter matched.
(DEBUG) --> File is excluded.
(DEBUG) Check if /home/shohem/Documents/dev/deps/zephyr/lib/utils/ring_buffer.c is included (source file)...
(DEBUG)   No filter matched.
(DEBUG) --> File is excluded.
(DEBUG) Check if /home/shohem/Documents/dev/deps/zephyr/include/zephyr/sys/ring_buffer.h is included (source file)...
(DEBUG)   No filter matched.
(DEBUG) --> File is excluded.
(DEBUG) Check if /home/shohem/Documents/dev/zephyr-course/twister-out/native_sim_native/host/homework.unit.ring_buf/zephyr/CMakeFiles/zephyr.dir/lib/utils/timeutil.c.gcda is included (trace)...
(DEBUG)   No filter matched.
(DEBUG) --> File is excluded.
(DEBUG) Check if /home/shohem/Documents/dev/zephyr-course/twister-out/native_sim_native/host/homework.unit.ring_buf/zephyr/CMakeFiles/zephyr.dir/lib/utils/timeutil.c.gcda is included (trace)...
(DEBUG) --> File is excluded.
(DEBUG) Check if timeutil.c##8a62f02677ac6dbeac747982cfe9df3a.gcov.json.gz is included (gcov file)...
(DEBUG)   Filter AlwaysMatchFilter() matched.
(DEBUG) --> File is included.
(DEBUG) Check if /home/shohem/Documents/dev/zephyr-course/app/modules/ring_buf/timeutil.c##8a62f02677ac6dbeac747982cfe9df3a.gcov.json.gz is included (trace)...
(DEBUG)   No filter matched.
(DEBUG) --> File is excluded.
(DEBUG) Check if /home/shohem/Documents/dev/deps/zephyr/lib/utils/timeutil.c is included (source file)...
(DEBUG)   No filter matched.
(DEBUG) --> File is excluded.
(DEBUG) Check if /home/shohem/Documents/dev/zephyr-course/twister-out/native_sim_native/host/homework.unit.ring_buf/zephyr/CMakeFiles/zephyr.dir/misc/generated/configs.c.gcda is included (trace)...
(DEBUG)   No filter matched.
(DEBUG) --> File is excluded.
(DEBUG) Check if /home/shohem/Documents/dev/zephyr-course/twister-out/native_sim_native/host/homework.unit.ring_buf/zephyr/CMakeFiles/zephyr.dir/misc/generated/configs.c.gcda is included (trace)...
(DEBUG) --> File is excluded.
(DEBUG) Check if configs.c##a8a80d5e4ec57f6f342f365e8b5b5a7f.gcov.json.gz is included (gcov file)...
(DEBUG)   Filter AlwaysMatchFilter() matched.
(DEBUG) --> File is included.
(DEBUG) Check if /home/shohem/Documents/dev/zephyr-course/app/modules/ring_buf/configs.c##a8a80d5e4ec57f6f342f365e8b5b5a7f.gcov.json.gz is included (trace)...
(DEBUG)   No filter matched.
(DEBUG) --> File is excluded.
(DEBUG) Check if /home/shohem/Documents/dev/zephyr-course/twister-out/native_sim_native/host/homework.unit.ring_buf/zephyr/misc/generated/configs.c is included (source file)...
(DEBUG)   No filter matched.
(DEBUG) --> File is excluded.
(DEBUG) Check if /home/shohem/Documents/dev/zephyr-course/twister-out/native_sim_native/host/homework.unit.ring_buf/zephyr/CMakeFiles/zephyr.dir/subsys/logging/backends/log_backend_native_posix.c.gcda is included (trace)...
(DEBUG)   No filter matched.
(DEBUG) --> File is excluded.
(DEBUG) Check if /home/shohem/Documents/dev/zephyr-course/twister-out/native_sim_native/host/homework.unit.ring_buf/zephyr/CMakeFiles/zephyr.dir/subsys/logging/backends/log_backend_native_posix.c.gcda is included (trace)...
(DEBUG) --> File is excluded.
(DEBUG) Check if log_backend_native_posix.c##583359243db92e876a7c9d34ee9bb364.gcov.json.gz is included (gcov file)...
(DEBUG)   Filter AlwaysMatchFilter() matched.
(DEBUG) --> File is included.
(DEBUG) Check if /home/shohem/Documents/dev/zephyr-course/app/modules/ring_buf/log_backend_native_posix.c##583359243db92e876a7c9d34ee9bb364.gcov.json.gz is included (trace)...
(DEBUG)   No filter matched.
(DEBUG) --> File is excluded.
(DEBUG) Check if /home/shohem/Documents/dev/deps/zephyr/subsys/logging/backends/log_backend_native_posix.c is included (source file)...
(DEBUG)   No filter matched.
(DEBUG) --> File is excluded.
(DEBUG) Check if /home/shohem/Documents/dev/deps/zephyr/include/zephyr/logging/log_backend_std.h is included (source file)...
(DEBUG)   No filter matched.
(DEBUG) --> File is excluded.
(DEBUG) Check if /home/shohem/Documents/dev/deps/zephyr/include/zephyr/logging/log_output.h is included (source file)...
(DEBUG)   No filter matched.
(DEBUG) --> File is excluded.
(DEBUG) Check if /home/shohem/Documents/dev/zephyr-course/twister-out/native_sim_native/host/homework.unit.ring_buf/zephyr/CMakeFiles/zephyr.dir/subsys/logging/log_cache.c.gcda is included (trace)...
(DEBUG)   No filter matched.
(DEBUG) --> File is excluded.
(DEBUG) Check if /home/shohem/Documents/dev/zephyr-course/twister-out/native_sim_native/host/homework.unit.ring_buf/zephyr/CMakeFiles/zephyr.dir/subsys/logging/log_cache.c.gcda is included (trace)...
(DEBUG) --> File is excluded.
(DEBUG) Check if log_cache.c##36b8c4367f6a7d3e4fa15745a9ac8290.gcov.json.gz is included (gcov file)...
(DEBUG)   Filter AlwaysMatchFilter() matched.
(DEBUG) --> File is included.
(DEBUG) Check if /home/shohem/Documents/dev/zephyr-course/app/modules/ring_buf/log_cache.c##36b8c4367f6a7d3e4fa15745a9ac8290.gcov.json.gz is included (trace)...
(DEBUG)   No filter matched.
(DEBUG) --> File is excluded.
(DEBUG) Check if /home/shohem/Documents/dev/deps/zephyr/subsys/logging/log_cache.c is included (source file)...
(DEBUG)   No filter matched.
(DEBUG) --> File is excluded.
(DEBUG) Check if /home/shohem/Documents/dev/deps/zephyr/include/zephyr/sys/slist.h is included (source file)...
(DEBUG)   No filter matched.
(DEBUG) --> File is excluded.
(DEBUG) Check if /home/shohem/Documents/dev/zephyr-course/twister-out/native_sim_native/host/homework.unit.ring_buf/zephyr/CMakeFiles/zephyr.dir/subsys/logging/log_core.c.gcda is included (trace)...
(DEBUG)   No filter matched.
(DEBUG) --> File is excluded.
(DEBUG) Check if /home/shohem/Documents/dev/zephyr-course/twister-out/native_sim_native/host/homework.unit.ring_buf/zephyr/CMakeFiles/zephyr.dir/subsys/logging/log_core.c.gcda is included (trace)...
(DEBUG) --> File is excluded.
(DEBUG) Check if log_core.c##13287e514ece7708b666b3541304bf49.gcov.json.gz is included (gcov file)...
(DEBUG)   Filter AlwaysMatchFilter() matched.
(DEBUG) --> File is included.
(DEBUG) Check if /home/shohem/Documents/dev/zephyr-course/app/modules/ring_buf/log_core.c##13287e514ece7708b666b3541304bf49.gcov.json.gz is included (trace)...
(DEBUG)   No filter matched.
(DEBUG) --> File is excluded.
(DEBUG) Check if /home/shohem/Documents/dev/deps/zephyr/subsys/logging/log_core.c is included (source file)...
(DEBUG)   No filter matched.
(DEBUG) --> File is excluded.
(DEBUG) Check if /home/shohem/Documents/dev/zephyr-course/twister-out/native_sim_native/host/homework.unit.ring_buf/zephyr/include/generated/zephyr/syscalls/log_ctrl.h is included (source file)...
(DEBUG)   No filter matched.
(DEBUG) --> File is excluded.
(DEBUG) Check if /home/shohem/Documents/dev/deps/zephyr/include/zephyr/logging/log_backend.h is included (source file)...
(DEBUG)   No filter matched.
(DEBUG) --> File is excluded.
(DEBUG) Check if /home/shohem/Documents/dev/zephyr-course/twister-out/native_sim_native/host/homework.unit.ring_buf/zephyr/include/generated/zephyr/syscalls/kernel.h is included (source file)...
(DEBUG) --> File is excluded.
(DEBUG) Check if /home/shohem/Documents/dev/deps/zephyr/include/zephyr/kernel.h is included (source file)...
(DEBUG) --> File is excluded.
(DEBUG) Check if /home/shohem/Documents/dev/deps/zephyr/include/zephyr/spinlock.h is included (source file)...
(DEBUG) --> File is excluded.
(DEBUG) Check if /home/shohem/Documents/dev/deps/zephyr/include/zephyr/logging/log_msg.h is included (source file)...
(DEBUG) --> File is excluded.
(DEBUG) Check if /home/shohem/Documents/dev/deps/zephyr/include/zephyr/arch/posix/arch.h is included (source file)...
(DEBUG) --> File is excluded.
(DEBUG) Check if /home/shohem/Documents/dev/deps/zephyr/include/zephyr/sys/atomic_builtin.h is included (source file)...
(DEBUG)   No filter matched.
(DEBUG) --> File is excluded.
(DEBUG) Check if /home/shohem/Documents/dev/zephyr-course/twister-out/native_sim_native/host/homework.unit.ring_buf/zephyr/CMakeFiles/zephyr.dir/subsys/logging/log_mgmt.c.gcda is included (trace)...
(DEBUG)   No filter matched.
(DEBUG) --> File is excluded.
(DEBUG) Check if /home/shohem/Documents/dev/zephyr-course/twister-out/native_sim_native/host/homework.unit.ring_buf/zephyr/CMakeFiles/zephyr.dir/subsys/logging/log_mgmt.c.gcda is included (trace)...
(DEBUG) --> File is excluded.
(DEBUG) Check if log_mgmt.c##843c0654ae3e894beeb329f0418f9bc9.gcov.json.gz is included (gcov file)...
(DEBUG)   Filter AlwaysMatchFilter() matched.
(DEBUG) --> File is included.
(DEBUG) Check if /home/shohem/Documents/dev/zephyr-course/app/modules/ring_buf/log_mgmt.c##843c0654ae3e894beeb329f0418f9bc9.gcov.json.gz is included (trace)...
(DEBUG)   No filter matched.
(DEBUG) --> File is excluded.
(DEBUG) Check if /home/shohem/Documents/dev/deps/zephyr/subsys/logging/log_mgmt.c is included (source file)...
(DEBUG)   No filter matched.
(DEBUG) --> File is excluded.
(DEBUG) Check if /home/shohem/Documents/dev/deps/zephyr/include/zephyr/logging/log_link.h is included (source file)...
(DEBUG)   No filter matched.
(DEBUG) --> File is excluded.
(DEBUG) Check if /home/shohem/Documents/dev/zephyr-course/twister-out/native_sim_native/host/homework.unit.ring_buf/zephyr/include/generated/zephyr/syscalls/log_ctrl.h is included (source file)...
(DEBUG) --> File is excluded.
(DEBUG) Check if /home/shohem/Documents/dev/deps/zephyr/include/zephyr/logging/log_backend.h is included (source file)...
(DEBUG) --> File is excluded.
(DEBUG) Check if /home/shohem/Documents/dev/deps/zephyr/include/zephyr/logging/log_internal.h is included (source file)...
(DEBUG)   No filter matched.
(DEBUG) --> File is excluded.
(DEBUG) Check if /home/shohem/Documents/dev/deps/zephyr/include/zephyr/logging/log_core.h is included (source file)...
(DEBUG)   No filter matched.
(DEBUG) --> File is excluded.
(DEBUG) Check if /home/shohem/Documents/dev/zephyr-course/twister-out/native_sim_native/host/homework.unit.ring_buf/zephyr/CMakeFiles/zephyr.dir/subsys/logging/log_msg.c.gcda is included (trace)...
(DEBUG)   No filter matched.
(DEBUG) --> File is excluded.
(DEBUG) Check if /home/shohem/Documents/dev/zephyr-course/twister-out/native_sim_native/host/homework.unit.ring_buf/zephyr/CMakeFiles/zephyr.dir/subsys/logging/log_msg.c.gcda is included (trace)...
(DEBUG) --> File is excluded.
(DEBUG) Check if log_msg.c##bc8bad428b618f9a625889f93ac0a94f.gcov.json.gz is included (gcov file)...
(DEBUG)   Filter AlwaysMatchFilter() matched.
(DEBUG) --> File is included.
(DEBUG) Check if /home/shohem/Documents/dev/zephyr-course/app/modules/ring_buf/log_msg.c##bc8bad428b618f9a625889f93ac0a94f.gcov.json.gz is included (trace)...
(DEBUG)   No filter matched.
(DEBUG) --> File is excluded.
(DEBUG) Check if /home/shohem/Documents/dev/deps/zephyr/subsys/logging/log_msg.c is included (source file)...
(DEBUG)   No filter matched.
(DEBUG) --> File is excluded.
(DEBUG) Check if /home/shohem/Documents/dev/deps/zephyr/include/zephyr/logging/log_internal.h is included (source file)...
(DEBUG) --> File is excluded.
(DEBUG) Check if /home/shohem/Documents/dev/deps/zephyr/include/zephyr/logging/log_core.h is included (source file)...
(DEBUG) --> File is excluded.
(DEBUG) Check if /home/shohem/Documents/dev/deps/zephyr/include/zephyr/logging/log_msg.h is included (source file)...
(DEBUG) --> File is excluded.
(DEBUG) Check if /home/shohem/Documents/dev/deps/zephyr/include/zephyr/sys/cbprintf.h is included (source file)...
(DEBUG) --> File is excluded.
(DEBUG) Check if /home/shohem/Documents/dev/zephyr-course/twister-out/native_sim_native/host/homework.unit.ring_buf/zephyr/CMakeFiles/zephyr.dir/subsys/logging/log_output.c.gcda is included (trace)...
(DEBUG)   No filter matched.
(DEBUG) --> File is excluded.
(DEBUG) Check if /home/shohem/Documents/dev/zephyr-course/twister-out/native_sim_native/host/homework.unit.ring_buf/zephyr/CMakeFiles/zephyr.dir/subsys/logging/log_output.c.gcda is included (trace)...
(DEBUG) --> File is excluded.
(DEBUG) Check if log_output.c##a372e0e846d825d83f1b5832fb56108f.gcov.json.gz is included (gcov file)...
(DEBUG)   Filter AlwaysMatchFilter() matched.
(DEBUG) --> File is included.
(DEBUG) Check if /home/shohem/Documents/dev/zephyr-course/app/modules/ring_buf/log_output.c##a372e0e846d825d83f1b5832fb56108f.gcov.json.gz is included (trace)...
(DEBUG)   No filter matched.
(DEBUG) --> File is excluded.
(DEBUG) Check if /home/shohem/Documents/dev/deps/zephyr/subsys/logging/log_output.c is included (source file)...
(DEBUG)   No filter matched.
(DEBUG) --> File is excluded.
(DEBUG) Check if /home/shohem/Documents/dev/deps/zephyr/include/zephyr/logging/log_output.h is included (source file)...
(DEBUG) --> File is excluded.
(DEBUG) Check if /home/shohem/Documents/dev/deps/zephyr/include/zephyr/logging/log_msg.h is included (source file)...
(DEBUG) --> File is excluded.
(DEBUG) Check if /home/shohem/Documents/dev/deps/zephyr/include/zephyr/sys/cbprintf.h is included (source file)...
(DEBUG) --> File is excluded.
(DEBUG) Check if /home/shohem/Documents/dev/zephyr-course/twister-out/native_sim_native/host/homework.unit.ring_buf/zephyr/CMakeFiles/zephyr.dir/subsys/tracing/tracing_none.c.gcda is included (trace)...
(DEBUG)   No filter matched.
(DEBUG) --> File is excluded.
(DEBUG) Check if /home/shohem/Documents/dev/zephyr-course/twister-out/native_sim_native/host/homework.unit.ring_buf/zephyr/CMakeFiles/zephyr.dir/subsys/tracing/tracing_none.c.gcda is included (trace)...
(DEBUG) --> File is excluded.
(DEBUG) Check if tracing_none.c##0ec23b2997b1f06a1974c5aac7712f1e.gcov.json.gz is included (gcov file)...
(DEBUG)   Filter AlwaysMatchFilter() matched.
(DEBUG) --> File is included.
(DEBUG) Check if /home/shohem/Documents/dev/zephyr-course/app/modules/ring_buf/tracing_none.c##0ec23b2997b1f06a1974c5aac7712f1e.gcov.json.gz is included (trace)...
(DEBUG)   No filter matched.
(DEBUG) --> File is excluded.
(DEBUG) Check if /home/shohem/Documents/dev/deps/zephyr/subsys/tracing/tracing_none.c is included (source file)...
(DEBUG)   No filter matched.
(DEBUG) --> File is excluded.
(DEBUG) Check if /home/shohem/Documents/dev/zephyr-course/twister-out/native_sim_native/host/homework.unit.ring_buf/zephyr/CMakeFiles/zephyr_pre0.dir/misc/empty_file.c.gcno is included (trace)...
(DEBUG)   No filter matched.
(DEBUG) --> File is excluded.
(DEBUG) Check if /home/shohem/Documents/dev/zephyr-course/twister-out/native_sim_native/host/homework.unit.ring_buf/zephyr/CMakeFiles/zephyr_pre0.dir/misc/empty_file.c.gcno is included (trace)...
(DEBUG) --> File is excluded.
(DEBUG) Check if empty_file.c##aadbdd52da220d3e294c63ea057b0fb1.gcov.json.gz is included (gcov file)...
(DEBUG)   Filter AlwaysMatchFilter() matched.
(DEBUG) --> File is included.
(DEBUG) Check if /home/shohem/Documents/dev/zephyr-course/app/modules/ring_buf/empty_file.c##aadbdd52da220d3e294c63ea057b0fb1.gcov.json.gz is included (trace)...
(DEBUG)   No filter matched.
(DEBUG) --> File is excluded.
(DEBUG) Check if /home/shohem/Documents/dev/zephyr-course/twister-out/native_sim_native/host/homework.unit.ring_buf/zephyr/NSI/common/src/main.gcda is included (trace)...
(DEBUG)   No filter matched.
(DEBUG) --> File is excluded.
(DEBUG) Check if /home/shohem/Documents/dev/zephyr-course/twister-out/native_sim_native/host/homework.unit.ring_buf/zephyr/NSI/common/src/main.gcda is included (trace)...
(DEBUG) --> File is excluded.
(DEBUG) Check if main##116e40a72ff3f2f50c44f43e76478e6a.gcov.json.gz is included (gcov file)...
(DEBUG)   Filter AlwaysMatchFilter() matched.
(DEBUG) --> File is included.
(DEBUG) Check if /home/shohem/Documents/dev/zephyr-course/app/modules/ring_buf/main##116e40a72ff3f2f50c44f43e76478e6a.gcov.json.gz is included (trace)...
(DEBUG)   No filter matched.
(DEBUG) --> File is excluded.
(DEBUG) Check if /home/shohem/Documents/dev/deps/zephyr/scripts/native_simulator/common/src/main.c is included (source file)...
(DEBUG)   No filter matched.
(DEBUG) --> File is excluded.
(DEBUG) Check if /home/shohem/Documents/dev/deps/zephyr/scripts/native_simulator/common/src/include/nsi_hw_scheduler.h is included (source file)...
(DEBUG)   No filter matched.
(DEBUG) --> File is excluded.
(DEBUG) Check if /home/shohem/Documents/dev/zephyr-course/twister-out/native_sim_native/host/homework.unit.ring_buf/zephyr/NSI/common/src/nce.gcda is included (trace)...
(DEBUG)   No filter matched.
(DEBUG) --> File is excluded.
(DEBUG) Check if /home/shohem/Documents/dev/zephyr-course/twister-out/native_sim_native/host/homework.unit.ring_buf/zephyr/NSI/common/src/nce.gcda is included (trace)...
(DEBUG) --> File is excluded.
(DEBUG) Check if nce##5ba213a2dcf7d034ab07e6b99b5cfb33.gcov.json.gz is included (gcov file)...
(DEBUG)   Filter AlwaysMatchFilter() matched.
(DEBUG) --> File is included.
(DEBUG) Check if /home/shohem/Documents/dev/zephyr-course/app/modules/ring_buf/nce##5ba213a2dcf7d034ab07e6b99b5cfb33.gcov.json.gz is included (trace)...
(DEBUG)   No filter matched.
(DEBUG) --> File is excluded.
(DEBUG) Check if /home/shohem/Documents/dev/deps/zephyr/scripts/native_simulator/common/src/nce.c is included (source file)...
(DEBUG)   No filter matched.
(DEBUG) --> File is excluded.
(DEBUG) Check if /home/shohem/Documents/dev/deps/zephyr/scripts/native_simulator/common/src/nsi_safe_call.h is included (source file)...
(DEBUG)   No filter matched.
(DEBUG) --> File is excluded.
(DEBUG) Check if /home/shohem/Documents/dev/zephyr-course/twister-out/native_sim_native/host/homework.unit.ring_buf/zephyr/NSI/common/src/nct.gcda is included (trace)...
(DEBUG)   No filter matched.
(DEBUG) --> File is excluded.
(DEBUG) Check if /home/shohem/Documents/dev/zephyr-course/twister-out/native_sim_native/host/homework.unit.ring_buf/zephyr/NSI/common/src/nct.gcda is included (trace)...
(DEBUG) --> File is excluded.
(DEBUG) Check if nct##c17835731b156527c168af9b9918a36f.gcov.json.gz is included (gcov file)...
(DEBUG)   Filter AlwaysMatchFilter() matched.
(DEBUG) --> File is included.
(DEBUG) Check if /home/shohem/Documents/dev/zephyr-course/app/modules/ring_buf/nct##c17835731b156527c168af9b9918a36f.gcov.json.gz is included (trace)...
(DEBUG)   No filter matched.
(DEBUG) --> File is excluded.
(DEBUG) Check if /home/shohem/Documents/dev/deps/zephyr/scripts/native_simulator/common/src/nct.c is included (source file)...
(DEBUG)   No filter matched.
(DEBUG) --> File is excluded.
(DEBUG) Check if /home/shohem/Documents/dev/deps/zephyr/scripts/native_simulator/common/src/nsi_safe_call.h is included (source file)...
(DEBUG) --> File is excluded.
(DEBUG) Check if /home/shohem/Documents/dev/zephyr-course/twister-out/native_sim_native/host/homework.unit.ring_buf/zephyr/NSI/common/src/nsi_cpu_ctrl.gcda is included (trace)...
(DEBUG)   No filter matched.
(DEBUG) --> File is excluded.
(DEBUG) Check if /home/shohem/Documents/dev/zephyr-course/twister-out/native_sim_native/host/homework.unit.ring_buf/zephyr/NSI/common/src/nsi_cpu_ctrl.gcda is included (trace)...
(DEBUG) --> File is excluded.
(DEBUG) Check if nsi_cpu_ctrl##dc74a9fef3fc101524c99db1673a23e4.gcov.json.gz is included (gcov file)...
(DEBUG)   Filter AlwaysMatchFilter() matched.
(DEBUG) --> File is included.
(DEBUG) Check if /home/shohem/Documents/dev/zephyr-course/app/modules/ring_buf/nsi_cpu_ctrl##dc74a9fef3fc101524c99db1673a23e4.gcov.json.gz is included (trace)...
(DEBUG)   No filter matched.
(DEBUG) --> File is excluded.
(DEBUG) Check if /home/shohem/Documents/dev/deps/zephyr/scripts/native_simulator/common/src/nsi_cpu_ctrl.c is included (source file)...
(DEBUG)   No filter matched.
(DEBUG) --> File is excluded.
(DEBUG) Check if /home/shohem/Documents/dev/zephyr-course/twister-out/native_sim_native/host/homework.unit.ring_buf/zephyr/NSI/common/src/nsi_cpun_if.gcda is included (trace)...
(DEBUG)   No filter matched.
(DEBUG) --> File is excluded.
(DEBUG) Check if /home/shohem/Documents/dev/zephyr-course/twister-out/native_sim_native/host/homework.unit.ring_buf/zephyr/NSI/common/src/nsi_cpun_if.gcda is included (trace)...
(DEBUG) --> File is excluded.
(DEBUG) Check if nsi_cpun_if##5ffd2ca787867b1b213905adab8833f7.gcov.json.gz is included (gcov file)...
(DEBUG)   Filter AlwaysMatchFilter() matched.
(DEBUG) --> File is included.
(DEBUG) Check if /home/shohem/Documents/dev/zephyr-course/app/modules/ring_buf/nsi_cpun_if##5ffd2ca787867b1b213905adab8833f7.gcov.json.gz is included (trace)...
(DEBUG)   No filter matched.
(DEBUG) --> File is excluded.
(DEBUG) Check if /home/shohem/Documents/dev/deps/zephyr/scripts/native_simulator/common/src/nsi_cpun_if.c is included (source file)...
(DEBUG)   No filter matched.
(DEBUG) --> File is excluded.
(DEBUG) Check if /home/shohem/Documents/dev/zephyr-course/twister-out/native_sim_native/host/homework.unit.ring_buf/zephyr/NSI/common/src/nsi_errno.gcda is included (trace)...
(DEBUG)   No filter matched.
(DEBUG) --> File is excluded.
(DEBUG) Check if /home/shohem/Documents/dev/zephyr-course/twister-out/native_sim_native/host/homework.unit.ring_buf/zephyr/NSI/common/src/nsi_errno.gcda is included (trace)...
(DEBUG) --> File is excluded.
(DEBUG) Check if nsi_errno##d6e80eaaf9a5bee4ecc92a2f76269481.gcov.json.gz is included (gcov file)...
(DEBUG)   Filter AlwaysMatchFilter() matched.
(DEBUG) --> File is included.
(DEBUG) Check if /home/shohem/Documents/dev/zephyr-course/app/modules/ring_buf/nsi_errno##d6e80eaaf9a5bee4ecc92a2f76269481.gcov.json.gz is included (trace)...
(DEBUG)   No filter matched.
(DEBUG) --> File is excluded.
(DEBUG) Check if /home/shohem/Documents/dev/deps/zephyr/scripts/native_simulator/common/src/nsi_errno.c is included (source file)...
(DEBUG)   No filter matched.
(DEBUG) --> File is excluded.
(DEBUG) Check if /home/shohem/Documents/dev/zephyr-course/twister-out/native_sim_native/host/homework.unit.ring_buf/zephyr/NSI/common/src/nsi_host_trampolines.gcda is included (trace)...
(DEBUG)   No filter matched.
(DEBUG) --> File is excluded.
(DEBUG) Check if /home/shohem/Documents/dev/zephyr-course/twister-out/native_sim_native/host/homework.unit.ring_buf/zephyr/NSI/common/src/nsi_host_trampolines.gcda is included (trace)...
(DEBUG) --> File is excluded.
(DEBUG) Check if nsi_host_trampolines##c79a6fd398174f8692ed84cedcdb27f1.gcov.json.gz is included (gcov file)...
(DEBUG)   Filter AlwaysMatchFilter() matched.
(DEBUG) --> File is included.
(DEBUG) Check if /home/shohem/Documents/dev/zephyr-course/app/modules/ring_buf/nsi_host_trampolines##c79a6fd398174f8692ed84cedcdb27f1.gcov.json.gz is included (trace)...
(DEBUG)   No filter matched.
(DEBUG) --> File is excluded.
(DEBUG) Check if /home/shohem/Documents/dev/deps/zephyr/scripts/native_simulator/common/src/nsi_host_trampolines.c is included (source file)...
(DEBUG)   No filter matched.
(DEBUG) --> File is excluded.
(DEBUG) Check if /home/shohem/Documents/dev/zephyr-course/twister-out/native_sim_native/host/homework.unit.ring_buf/zephyr/NSI/common/src/nsi_hw_scheduler.gcda is included (trace)...
(DEBUG)   No filter matched.
(DEBUG) --> File is excluded.
(DEBUG) Check if /home/shohem/Documents/dev/zephyr-course/twister-out/native_sim_native/host/homework.unit.ring_buf/zephyr/NSI/common/src/nsi_hw_scheduler.gcda is included (trace)...
(DEBUG) --> File is excluded.
(DEBUG) Check if nsi_hw_scheduler##9d98e1661d36554597ee1e1cf7a8e12b.gcov.json.gz is included (gcov file)...
(DEBUG)   Filter AlwaysMatchFilter() matched.
(DEBUG) --> File is included.
(DEBUG) Check if /home/shohem/Documents/dev/zephyr-course/app/modules/ring_buf/nsi_hw_scheduler##9d98e1661d36554597ee1e1cf7a8e12b.gcov.json.gz is included (trace)...
(DEBUG)   No filter matched.
(DEBUG) --> File is excluded.
(DEBUG) Check if /home/shohem/Documents/dev/deps/zephyr/scripts/native_simulator/common/src/nsi_hw_scheduler.c is included (source file)...
(DEBUG)   No filter matched.
(DEBUG) --> File is excluded.
(DEBUG) Check if /home/shohem/Documents/dev/deps/zephyr/scripts/native_simulator/common/src/nsi_safe_call.h is included (source file)...
(DEBUG) --> File is excluded.
(DEBUG) Check if /home/shohem/Documents/dev/zephyr-course/twister-out/native_sim_native/host/homework.unit.ring_buf/zephyr/NSI/common/src/nsi_tasks.gcda is included (trace)...
(DEBUG)   No filter matched.
(DEBUG) --> File is excluded.
(DEBUG) Check if /home/shohem/Documents/dev/zephyr-course/twister-out/native_sim_native/host/homework.unit.ring_buf/zephyr/NSI/common/src/nsi_tasks.gcda is included (trace)...
(DEBUG) --> File is excluded.
(DEBUG) Check if nsi_tasks##d62a45735b95b72a29eb31a981df188f.gcov.json.gz is included (gcov file)...
(DEBUG)   Filter AlwaysMatchFilter() matched.
(DEBUG) --> File is included.
(DEBUG) Check if /home/shohem/Documents/dev/zephyr-course/app/modules/ring_buf/nsi_tasks##d62a45735b95b72a29eb31a981df188f.gcov.json.gz is included (trace)...
(DEBUG)   No filter matched.
(DEBUG) --> File is excluded.
(DEBUG) Check if /home/shohem/Documents/dev/deps/zephyr/scripts/native_simulator/common/src/nsi_tasks.c is included (source file)...
(DEBUG)   No filter matched.
(DEBUG) --> File is excluded.
(DEBUG) Check if /home/shohem/Documents/dev/zephyr-course/twister-out/native_sim_native/host/homework.unit.ring_buf/zephyr/NSI/common/src/nsi_trace_varg.gcda is included (trace)...
(DEBUG)   No filter matched.
(DEBUG) --> File is excluded.
(DEBUG) Check if /home/shohem/Documents/dev/zephyr-course/twister-out/native_sim_native/host/homework.unit.ring_buf/zephyr/NSI/common/src/nsi_trace_varg.gcda is included (trace)...
(DEBUG) --> File is excluded.
(DEBUG) Check if nsi_trace_varg##e68480363daa4cd0d6b8014733f2f007.gcov.json.gz is included (gcov file)...
(DEBUG)   Filter AlwaysMatchFilter() matched.
(DEBUG) --> File is included.
(DEBUG) Check if /home/shohem/Documents/dev/zephyr-course/app/modules/ring_buf/nsi_trace_varg##e68480363daa4cd0d6b8014733f2f007.gcov.json.gz is included (trace)...
(DEBUG)   No filter matched.
(DEBUG) --> File is excluded.
(DEBUG) Check if /home/shohem/Documents/dev/deps/zephyr/scripts/native_simulator/common/src/nsi_trace_varg.c is included (source file)...
(DEBUG)   No filter matched.
(DEBUG) --> File is excluded.
(DEBUG) Check if /home/shohem/Documents/dev/zephyr-course/twister-out/native_sim_native/host/homework.unit.ring_buf/zephyr/NSI/common/src/nsi_weak_stubs.gcda is included (trace)...
(DEBUG)   No filter matched.
(DEBUG) --> File is excluded.
(DEBUG) Check if /home/shohem/Documents/dev/zephyr-course/twister-out/native_sim_native/host/homework.unit.ring_buf/zephyr/NSI/common/src/nsi_weak_stubs.gcda is included (trace)...
(DEBUG) --> File is excluded.
(DEBUG) Check if nsi_weak_stubs##4427625d4b93441ba28421dd82374a13.gcov.json.gz is included (gcov file)...
(DEBUG)   Filter AlwaysMatchFilter() matched.
(DEBUG) --> File is included.
(DEBUG) Check if /home/shohem/Documents/dev/zephyr-course/app/modules/ring_buf/nsi_weak_stubs##4427625d4b93441ba28421dd82374a13.gcov.json.gz is included (trace)...
(DEBUG)   No filter matched.
(DEBUG) --> File is excluded.
(DEBUG) Check if /home/shohem/Documents/dev/deps/zephyr/scripts/native_simulator/common/src/nsi_weak_stubs.c is included (source file)...
(DEBUG)   No filter matched.
(DEBUG) --> File is excluded.
(DEBUG) Check if /home/shohem/Documents/dev/zephyr-course/twister-out/native_sim_native/host/homework.unit.ring_buf/zephyr/NSI/native/src/hw_counter.gcda is included (trace)...
(DEBUG)   No filter matched.
(DEBUG) --> File is excluded.
(DEBUG) Check if /home/shohem/Documents/dev/zephyr-course/twister-out/native_sim_native/host/homework.unit.ring_buf/zephyr/NSI/native/src/hw_counter.gcda is included (trace)...
(DEBUG) --> File is excluded.
(DEBUG) Check if hw_counter##665ed5f9a38ee1565652fac5ef2c0159.gcov.json.gz is included (gcov file)...
(DEBUG)   Filter AlwaysMatchFilter() matched.
(DEBUG) --> File is included.
(DEBUG) Check if /home/shohem/Documents/dev/zephyr-course/app/modules/ring_buf/hw_counter##665ed5f9a38ee1565652fac5ef2c0159.gcov.json.gz is included (trace)...
(DEBUG)   No filter matched.
(DEBUG) --> File is excluded.
(DEBUG) Check if /home/shohem/Documents/dev/deps/zephyr/scripts/native_simulator/native/src/hw_counter.c is included (source file)...
(DEBUG)   No filter matched.
(DEBUG) --> File is excluded.
(DEBUG) Check if /home/shohem/Documents/dev/deps/zephyr/scripts/native_simulator/common/src/include/nsi_hw_scheduler.h is included (source file)...
(DEBUG) --> File is excluded.
(DEBUG) Check if /home/shohem/Documents/dev/zephyr-course/twister-out/native_sim_native/host/homework.unit.ring_buf/zephyr/NSI/native/src/irq_ctrl.gcda is included (trace)...
(DEBUG)   No filter matched.
(DEBUG) --> File is excluded.
(DEBUG) Check if /home/shohem/Documents/dev/zephyr-course/twister-out/native_sim_native/host/homework.unit.ring_buf/zephyr/NSI/native/src/irq_ctrl.gcda is included (trace)...
(DEBUG) --> File is excluded.
(DEBUG) Check if irq_ctrl##6dbd941ea29ebf2ebe223fbde900de0d.gcov.json.gz is included (gcov file)...
(DEBUG)   Filter AlwaysMatchFilter() matched.
(DEBUG) --> File is included.
(DEBUG) Check if /home/shohem/Documents/dev/zephyr-course/app/modules/ring_buf/irq_ctrl##6dbd941ea29ebf2ebe223fbde900de0d.gcov.json.gz is included (trace)...
(DEBUG)   No filter matched.
(DEBUG) --> File is excluded.
(DEBUG) Check if /home/shohem/Documents/dev/deps/zephyr/scripts/native_simulator/native/src/irq_ctrl.c is included (source file)...
(DEBUG)   No filter matched.
(DEBUG) --> File is excluded.
(DEBUG) Check if /home/shohem/Documents/dev/deps/zephyr/scripts/native_simulator/common/src/include/nsi_hw_scheduler.h is included (source file)...
(DEBUG) --> File is excluded.
(DEBUG) Check if /home/shohem/Documents/dev/deps/zephyr/scripts/native_simulator/common/src/nsi_internal.h is included (source file)...
(DEBUG)   No filter matched.
(DEBUG) --> File is excluded.
(DEBUG) Check if /home/shohem/Documents/dev/zephyr-course/twister-out/native_sim_native/host/homework.unit.ring_buf/zephyr/NSI/native/src/native_rtc.gcda is included (trace)...
(DEBUG)   No filter matched.
(DEBUG) --> File is excluded.
(DEBUG) Check if /home/shohem/Documents/dev/zephyr-course/twister-out/native_sim_native/host/homework.unit.ring_buf/zephyr/NSI/native/src/native_rtc.gcda is included (trace)...
(DEBUG) --> File is excluded.
(DEBUG) Check if native_rtc##0407ebfa9badcdcd88ba4fc752860dc3.gcov.json.gz is included (gcov file)...
(DEBUG)   Filter AlwaysMatchFilter() matched.
(DEBUG) --> File is included.
(DEBUG) Check if /home/shohem/Documents/dev/zephyr-course/app/modules/ring_buf/native_rtc##0407ebfa9badcdcd88ba4fc752860dc3.gcov.json.gz is included (trace)...
(DEBUG)   No filter matched.
(DEBUG) --> File is excluded.
(DEBUG) Check if /home/shohem/Documents/dev/deps/zephyr/scripts/native_simulator/native/src/native_rtc.c is included (source file)...
(DEBUG)   No filter matched.
(DEBUG) --> File is excluded.
(DEBUG) Check if /home/shohem/Documents/dev/deps/zephyr/scripts/native_simulator/common/src/include/nsi_hw_scheduler.h is included (source file)...
(DEBUG) --> File is excluded.
(DEBUG) Check if /home/shohem/Documents/dev/zephyr-course/twister-out/native_sim_native/host/homework.unit.ring_buf/zephyr/NSI/native/src/nsi_cmdline.gcda is included (trace)...
(DEBUG)   No filter matched.
(DEBUG) --> File is excluded.
(DEBUG) Check if /home/shohem/Documents/dev/zephyr-course/twister-out/native_sim_native/host/homework.unit.ring_buf/zephyr/NSI/native/src/nsi_cmdline.gcda is included (trace)...
(DEBUG) --> File is excluded.
(DEBUG) Check if nsi_cmdline##d5a23ff305decb73f96ccc380c121043.gcov.json.gz is included (gcov file)...
(DEBUG)   Filter AlwaysMatchFilter() matched.
(DEBUG) --> File is included.
(DEBUG) Check if /home/shohem/Documents/dev/zephyr-course/app/modules/ring_buf/nsi_cmdline##d5a23ff305decb73f96ccc380c121043.gcov.json.gz is included (trace)...
(DEBUG)   No filter matched.
(DEBUG) --> File is excluded.
(DEBUG) Check if /home/shohem/Documents/dev/deps/zephyr/scripts/native_simulator/native/src/nsi_cmdline.c is included (source file)...
(DEBUG)   No filter matched.
(DEBUG) --> File is excluded.
(DEBUG) Check if /home/shohem/Documents/dev/zephyr-course/twister-out/native_sim_native/host/homework.unit.ring_buf/zephyr/NSI/native/src/nsi_cmdline_common.gcda is included (trace)...
(DEBUG)   No filter matched.
(DEBUG) --> File is excluded.
(DEBUG) Check if /home/shohem/Documents/dev/zephyr-course/twister-out/native_sim_native/host/homework.unit.ring_buf/zephyr/NSI/native/src/nsi_cmdline_common.gcda is included (trace)...
(DEBUG) --> File is excluded.
(DEBUG) Check if nsi_cmdline_common##7abed247a91888419f2cf3e5df0e7902.gcov.json.gz is included (gcov file)...
(DEBUG)   Filter AlwaysMatchFilter() matched.
(DEBUG) --> File is included.
(DEBUG) Check if /home/shohem/Documents/dev/zephyr-course/app/modules/ring_buf/nsi_cmdline_common##7abed247a91888419f2cf3e5df0e7902.gcov.json.gz is included (trace)...
(DEBUG)   No filter matched.
(DEBUG) --> File is excluded.
(DEBUG) Check if /home/shohem/Documents/dev/deps/zephyr/scripts/native_simulator/native/src/nsi_cmdline_common.c is included (source file)...
(DEBUG)   No filter matched.
(DEBUG) --> File is excluded.
(DEBUG) Check if /home/shohem/Documents/dev/zephyr-course/twister-out/native_sim_native/host/homework.unit.ring_buf/zephyr/NSI/native/src/nsi_trace.gcda is included (trace)...
(DEBUG)   No filter matched.
(DEBUG) --> File is excluded.
(DEBUG) Check if /home/shohem/Documents/dev/zephyr-course/twister-out/native_sim_native/host/homework.unit.ring_buf/zephyr/NSI/native/src/nsi_trace.gcda is included (trace)...
(DEBUG) --> File is excluded.
(DEBUG) Check if nsi_trace##435b7abd7a3ce6463ce497bd52d49b21.gcov.json.gz is included (gcov file)...
(DEBUG)   Filter AlwaysMatchFilter() matched.
(DEBUG) --> File is included.
(DEBUG) Check if /home/shohem/Documents/dev/zephyr-course/app/modules/ring_buf/nsi_trace##435b7abd7a3ce6463ce497bd52d49b21.gcov.json.gz is included (trace)...
(DEBUG)   No filter matched.
(DEBUG) --> File is excluded.
(DEBUG) Check if /home/shohem/Documents/dev/deps/zephyr/scripts/native_simulator/native/src/nsi_trace.c is included (source file)...
(DEBUG)   No filter matched.
(DEBUG) --> File is excluded.
(DEBUG) Check if /home/shohem/Documents/dev/zephyr-course/twister-out/native_sim_native/host/homework.unit.ring_buf/zephyr/NSI/native/src/timer_model.gcda is included (trace)...
(DEBUG)   No filter matched.
(DEBUG) --> File is excluded.
(DEBUG) Check if /home/shohem/Documents/dev/zephyr-course/twister-out/native_sim_native/host/homework.unit.ring_buf/zephyr/NSI/native/src/timer_model.gcda is included (trace)...
(DEBUG) --> File is excluded.
(DEBUG) Check if timer_model##fc5ea29a598efe971c87a9155e1ebdf2.gcov.json.gz is included (gcov file)...
(DEBUG)   Filter AlwaysMatchFilter() matched.
(DEBUG) --> File is included.
(DEBUG) Check if /home/shohem/Documents/dev/zephyr-course/app/modules/ring_buf/timer_model##fc5ea29a598efe971c87a9155e1ebdf2.gcov.json.gz is included (trace)...
(DEBUG)   No filter matched.
(DEBUG) --> File is excluded.
(DEBUG) Check if /home/shohem/Documents/dev/deps/zephyr/scripts/native_simulator/native/src/timer_model.c is included (source file)...
(DEBUG)   No filter matched.
(DEBUG) --> File is excluded.
(DEBUG) Check if /home/shohem/Documents/dev/deps/zephyr/scripts/native_simulator/common/src/include/nsi_hw_scheduler.h is included (source file)...
(DEBUG) --> File is excluded.
(DEBUG) Check if /home/shohem/Documents/dev/zephyr-course/twister-out/native_sim_native/host/homework.unit.ring_buf/zephyr/arch/arch/posix/core/CMakeFiles/arch__posix__core.dir/cpuhalt.c.gcda is included (trace)...
(DEBUG)   No filter matched.
(DEBUG) --> File is excluded.
(DEBUG) Check if /home/shohem/Documents/dev/zephyr-course/twister-out/native_sim_native/host/homework.unit.ring_buf/zephyr/arch/arch/posix/core/CMakeFiles/arch__posix__core.dir/cpuhalt.c.gcda is included (trace)...
(DEBUG) --> File is excluded.
(DEBUG) Check if cpuhalt.c##c7ffdecce52a82a33621bb606f2d8b58.gcov.json.gz is included (gcov file)...
(DEBUG)   Filter AlwaysMatchFilter() matched.
(DEBUG) --> File is included.
(DEBUG) Check if /home/shohem/Documents/dev/zephyr-course/app/modules/ring_buf/cpuhalt.c##c7ffdecce52a82a33621bb606f2d8b58.gcov.json.gz is included (trace)...
(DEBUG)   No filter matched.
(DEBUG) --> File is excluded.
(DEBUG) Check if /home/shohem/Documents/dev/deps/zephyr/arch/posix/core/cpuhalt.c is included (source file)...
(DEBUG)   No filter matched.
(DEBUG) --> File is excluded.
(DEBUG) Check if /home/shohem/Documents/dev/zephyr-course/twister-out/native_sim_native/host/homework.unit.ring_buf/zephyr/arch/arch/posix/core/CMakeFiles/arch__posix__core.dir/fatal.c.gcda is included (trace)...
(DEBUG)   No filter matched.
(DEBUG) --> File is excluded.
(DEBUG) Check if /home/shohem/Documents/dev/zephyr-course/twister-out/native_sim_native/host/homework.unit.ring_buf/zephyr/arch/arch/posix/core/CMakeFiles/arch__posix__core.dir/fatal.c.gcda is included (trace)...
(DEBUG) --> File is excluded.
(DEBUG) Check if fatal.c##d97af66156e1214d85008a5c4e5ba6fa.gcov.json.gz is included (gcov file)...
(DEBUG)   Filter AlwaysMatchFilter() matched.
(DEBUG) --> File is included.
(DEBUG) Check if /home/shohem/Documents/dev/zephyr-course/app/modules/ring_buf/fatal.c##d97af66156e1214d85008a5c4e5ba6fa.gcov.json.gz is included (trace)...
(DEBUG)   No filter matched.
(DEBUG) --> File is excluded.
(DEBUG) Check if /home/shohem/Documents/dev/deps/zephyr/arch/posix/core/fatal.c is included (source file)...
(DEBUG)   No filter matched.
(DEBUG) --> File is excluded.
(DEBUG) Check if /home/shohem/Documents/dev/zephyr-course/twister-out/native_sim_native/host/homework.unit.ring_buf/zephyr/arch/arch/posix/core/CMakeFiles/arch__posix__core.dir/irq.c.gcda is included (trace)...
(DEBUG)   No filter matched.
(DEBUG) --> File is excluded.
(DEBUG) Check if /home/shohem/Documents/dev/zephyr-course/twister-out/native_sim_native/host/homework.unit.ring_buf/zephyr/arch/arch/posix/core/CMakeFiles/arch__posix__core.dir/irq.c.gcda is included (trace)...
(DEBUG) --> File is excluded.
(DEBUG) Check if irq.c##89cf20d0fcc84eec2d97647d722193e0.gcov.json.gz is included (gcov file)...
(DEBUG)   Filter AlwaysMatchFilter() matched.
(DEBUG) --> File is included.
(DEBUG) Check if /home/shohem/Documents/dev/zephyr-course/app/modules/ring_buf/irq.c##89cf20d0fcc84eec2d97647d722193e0.gcov.json.gz is included (trace)...
(DEBUG)   No filter matched.
(DEBUG) --> File is excluded.
(DEBUG) Check if /home/shohem/Documents/dev/deps/zephyr/arch/posix/core/irq.c is included (source file)...
(DEBUG)   No filter matched.
(DEBUG) --> File is excluded.
(DEBUG) Check if /home/shohem/Documents/dev/zephyr-course/twister-out/native_sim_native/host/homework.unit.ring_buf/zephyr/arch/arch/posix/core/CMakeFiles/arch__posix__core.dir/posix_core_nsi.c.gcda is included (trace)...
(DEBUG)   No filter matched.
(DEBUG) --> File is excluded.
(DEBUG) Check if /home/shohem/Documents/dev/zephyr-course/twister-out/native_sim_native/host/homework.unit.ring_buf/zephyr/arch/arch/posix/core/CMakeFiles/arch__posix__core.dir/posix_core_nsi.c.gcda is included (trace)...
(DEBUG) --> File is excluded.
(DEBUG) Check if posix_core_nsi.c##a5a49441bcccd81970e93aabcbe8b1cf.gcov.json.gz is included (gcov file)...
(DEBUG)   Filter AlwaysMatchFilter() matched.
(DEBUG) --> File is included.
(DEBUG) Check if /home/shohem/Documents/dev/zephyr-course/app/modules/ring_buf/posix_core_nsi.c##a5a49441bcccd81970e93aabcbe8b1cf.gcov.json.gz is included (trace)...
(DEBUG)   No filter matched.
(DEBUG) --> File is excluded.
(DEBUG) Check if /home/shohem/Documents/dev/deps/zephyr/arch/posix/core/posix_core_nsi.c is included (source file)...
(DEBUG)   No filter matched.
(DEBUG) --> File is excluded.
(DEBUG) Check if /home/shohem/Documents/dev/zephyr-course/twister-out/native_sim_native/host/homework.unit.ring_buf/zephyr/arch/arch/posix/core/CMakeFiles/arch__posix__core.dir/swap.c.gcda is included (trace)...
(DEBUG)   No filter matched.
(DEBUG) --> File is excluded.
(DEBUG) Check if /home/shohem/Documents/dev/zephyr-course/twister-out/native_sim_native/host/homework.unit.ring_buf/zephyr/arch/arch/posix/core/CMakeFiles/arch__posix__core.dir/swap.c.gcda is included (trace)...
(DEBUG) --> File is excluded.
(DEBUG) Check if swap.c##cf186578e8f01a2979c8a1d1057a7ddb.gcov.json.gz is included (gcov file)...
(DEBUG)   Filter AlwaysMatchFilter() matched.
(DEBUG) --> File is included.
(DEBUG) Check if /home/shohem/Documents/dev/zephyr-course/app/modules/ring_buf/swap.c##cf186578e8f01a2979c8a1d1057a7ddb.gcov.json.gz is included (trace)...
(DEBUG)   No filter matched.
(DEBUG) --> File is excluded.
(DEBUG) Check if /home/shohem/Documents/dev/deps/zephyr/arch/posix/core/swap.c is included (source file)...
(DEBUG)   No filter matched.
(DEBUG) --> File is excluded.
(DEBUG) Check if /home/shohem/Documents/dev/deps/zephyr/include/zephyr/arch/posix/arch.h is included (source file)...
(DEBUG) --> File is excluded.
(DEBUG) Check if /home/shohem/Documents/dev/zephyr-course/twister-out/native_sim_native/host/homework.unit.ring_buf/zephyr/arch/arch/posix/core/CMakeFiles/arch__posix__core.dir/thread.c.gcda is included (trace)...
(DEBUG)   No filter matched.
(DEBUG) --> File is excluded.
(DEBUG) Check if /home/shohem/Documents/dev/zephyr-course/twister-out/native_sim_native/host/homework.unit.ring_buf/zephyr/arch/arch/posix/core/CMakeFiles/arch__posix__core.dir/thread.c.gcda is included (trace)...
(DEBUG) --> File is excluded.
(DEBUG) Check if thread.c##5453ce1644146e2452c2444c6a232a64.gcov.json.gz is included (gcov file)...
(DEBUG)   Filter AlwaysMatchFilter() matched.
(DEBUG) --> File is included.
(DEBUG) Check if /home/shohem/Documents/dev/zephyr-course/app/modules/ring_buf/thread.c##5453ce1644146e2452c2444c6a232a64.gcov.json.gz is included (trace)...
(DEBUG)   No filter matched.
(DEBUG) --> File is excluded.
(DEBUG) Check if /home/shohem/Documents/dev/deps/zephyr/arch/posix/core/thread.c is included (source file)...
(DEBUG)   No filter matched.
(DEBUG) --> File is excluded.
(DEBUG) Check if /home/shohem/Documents/dev/deps/zephyr/include/zephyr/arch/posix/arch.h is included (source file)...
(DEBUG) --> File is excluded.
(DEBUG) Check if /home/shohem/Documents/dev/zephyr-course/twister-out/native_sim_native/host/homework.unit.ring_buf/zephyr/boards/native/native_sim/CMakeFiles/boards__native__native_sim.dir/cmdline.c.gcda is included (trace)...
(DEBUG)   No filter matched.
(DEBUG) --> File is excluded.
(DEBUG) Check if /home/shohem/Documents/dev/zephyr-course/twister-out/native_sim_native/host/homework.unit.ring_buf/zephyr/boards/native/native_sim/CMakeFiles/boards__native__native_sim.dir/cmdline.c.gcda is included (trace)...
(DEBUG) --> File is excluded.
(DEBUG) Check if cmdline.c##9fa3e182b1bd6016ab00c92ac147095d.gcov.json.gz is included (gcov file)...
(DEBUG)   Filter AlwaysMatchFilter() matched.
(DEBUG) --> File is included.
(DEBUG) Check if /home/shohem/Documents/dev/zephyr-course/app/modules/ring_buf/cmdline.c##9fa3e182b1bd6016ab00c92ac147095d.gcov.json.gz is included (trace)...
(DEBUG)   No filter matched.
(DEBUG) --> File is excluded.
(DEBUG) Check if /home/shohem/Documents/dev/deps/zephyr/boards/native/native_sim/cmdline.c is included (source file)...
(DEBUG)   No filter matched.
(DEBUG) --> File is excluded.
(DEBUG) Check if /home/shohem/Documents/dev/zephyr-course/twister-out/native_sim_native/host/homework.unit.ring_buf/zephyr/boards/native/native_sim/CMakeFiles/boards__native__native_sim.dir/cpu_wait.c.gcda is included (trace)...
(DEBUG)   No filter matched.
(DEBUG) --> File is excluded.
(DEBUG) Check if /home/shohem/Documents/dev/zephyr-course/twister-out/native_sim_native/host/homework.unit.ring_buf/zephyr/boards/native/native_sim/CMakeFiles/boards__native__native_sim.dir/cpu_wait.c.gcda is included (trace)...
(DEBUG) --> File is excluded.
(DEBUG) Check if cpu_wait.c##1b18dc6e3f5589c6c2b49e613ff6252e.gcov.json.gz is included (gcov file)...
(DEBUG)   Filter AlwaysMatchFilter() matched.
(DEBUG) --> File is included.
(DEBUG) Check if /home/shohem/Documents/dev/zephyr-course/app/modules/ring_buf/cpu_wait.c##1b18dc6e3f5589c6c2b49e613ff6252e.gcov.json.gz is included (trace)...
(DEBUG)   No filter matched.
(DEBUG) --> File is excluded.
(DEBUG) Check if /home/shohem/Documents/dev/deps/zephyr/boards/native/native_sim/cpu_wait.c is included (source file)...
(DEBUG)   No filter matched.
(DEBUG) --> File is excluded.
(DEBUG) Check if /home/shohem/Documents/dev/deps/zephyr/scripts/native_simulator/common/src/include/nsi_hw_scheduler.h is included (source file)...
(DEBUG) --> File is excluded.
(DEBUG) Check if /home/shohem/Documents/dev/zephyr-course/twister-out/native_sim_native/host/homework.unit.ring_buf/zephyr/boards/native/native_sim/CMakeFiles/boards__native__native_sim.dir/irq_handler.c.gcda is included (trace)...
(DEBUG)   No filter matched.
(DEBUG) --> File is excluded.
(DEBUG) Check if /home/shohem/Documents/dev/zephyr-course/twister-out/native_sim_native/host/homework.unit.ring_buf/zephyr/boards/native/native_sim/CMakeFiles/boards__native__native_sim.dir/irq_handler.c.gcda is included (trace)...
(DEBUG) --> File is excluded.
(DEBUG) Check if irq_handler.c##1b52a806394d9cce9821c45102dad10c.gcov.json.gz is included (gcov file)...
(DEBUG)   Filter AlwaysMatchFilter() matched.
(DEBUG) --> File is included.
(DEBUG) Check if /home/shohem/Documents/dev/zephyr-course/app/modules/ring_buf/irq_handler.c##1b52a806394d9cce9821c45102dad10c.gcov.json.gz is included (trace)...
(DEBUG)   No filter matched.
(DEBUG) --> File is excluded.
(DEBUG) Check if /home/shohem/Documents/dev/deps/zephyr/boards/native/native_sim/irq_handler.c is included (source file)...
(DEBUG)   No filter matched.
(DEBUG) --> File is excluded.
(DEBUG) Check if /home/shohem/Documents/dev/deps/zephyr/kernel/include/kswap.h is included (source file)...
(DEBUG)   No filter matched.
(DEBUG) --> File is excluded.
(DEBUG) Check if /home/shohem/Documents/dev/zephyr-course/twister-out/native_sim_native/host/homework.unit.ring_buf/zephyr/boards/native/native_sim/CMakeFiles/boards__native__native_sim.dir/misc.c.gcno is included (trace)...
(DEBUG)   No filter matched.
(DEBUG) --> File is excluded.
(DEBUG) Check if /home/shohem/Documents/dev/zephyr-course/twister-out/native_sim_native/host/homework.unit.ring_buf/zephyr/boards/native/native_sim/CMakeFiles/boards__native__native_sim.dir/misc.c.gcno is included (trace)...
(DEBUG) --> File is excluded.
(DEBUG) Check if misc.c##c9751cf5931e1580d6206df1243c71b1.gcov.json.gz is included (gcov file)...
(DEBUG)   Filter AlwaysMatchFilter() matched.
(DEBUG) --> File is included.
(DEBUG) Check if /home/shohem/Documents/dev/zephyr-course/app/modules/ring_buf/misc.c##c9751cf5931e1580d6206df1243c71b1.gcov.json.gz is included (trace)...
(DEBUG)   No filter matched.
(DEBUG) --> File is excluded.
(DEBUG) Check if /home/shohem/Documents/dev/zephyr-course/twister-out/native_sim_native/host/homework.unit.ring_buf/zephyr/boards/native/native_sim/CMakeFiles/boards__native__native_sim.dir/nsi_if.c.gcda is included (trace)...
(DEBUG)   No filter matched.
(DEBUG) --> File is excluded.
(DEBUG) Check if /home/shohem/Documents/dev/zephyr-course/twister-out/native_sim_native/host/homework.unit.ring_buf/zephyr/boards/native/native_sim/CMakeFiles/boards__native__native_sim.dir/nsi_if.c.gcda is included (trace)...
(DEBUG) --> File is excluded.
(DEBUG) Check if nsi_if.c##1821a97e14a5639bc94255534cfa1ed3.gcov.json.gz is included (gcov file)...
(DEBUG)   Filter AlwaysMatchFilter() matched.
(DEBUG) --> File is included.
(DEBUG) Check if /home/shohem/Documents/dev/zephyr-course/app/modules/ring_buf/nsi_if.c##1821a97e14a5639bc94255534cfa1ed3.gcov.json.gz is included (trace)...
(DEBUG)   No filter matched.
(DEBUG) --> File is excluded.
(DEBUG) Check if /home/shohem/Documents/dev/deps/zephyr/boards/native/native_sim/nsi_if.c is included (source file)...
(DEBUG)   No filter matched.
(DEBUG) --> File is excluded.
(DEBUG) Check if /home/shohem/Documents/dev/zephyr-course/twister-out/native_sim_native/host/homework.unit.ring_buf/zephyr/boards/native/native_sim/CMakeFiles/boards__native__native_sim.dir/posix_arch_if.c.gcda is included (trace)...
(DEBUG)   No filter matched.
(DEBUG) --> File is excluded.
(DEBUG) Check if /home/shohem/Documents/dev/zephyr-course/twister-out/native_sim_native/host/homework.unit.ring_buf/zephyr/boards/native/native_sim/CMakeFiles/boards__native__native_sim.dir/posix_arch_if.c.gcda is included (trace)...
(DEBUG) --> File is excluded.
(DEBUG) Check if posix_arch_if.c##c972638eb028e492ac7663fec7dc81cb.gcov.json.gz is included (gcov file)...
(DEBUG)   Filter AlwaysMatchFilter() matched.
(DEBUG) --> File is included.
(DEBUG) Check if /home/shohem/Documents/dev/zephyr-course/app/modules/ring_buf/posix_arch_if.c##c972638eb028e492ac7663fec7dc81cb.gcov.json.gz is included (trace)...
(DEBUG)   No filter matched.
(DEBUG) --> File is excluded.
(DEBUG) Check if /home/shohem/Documents/dev/deps/zephyr/boards/native/native_sim/posix_arch_if.c is included (source file)...
(DEBUG)   No filter matched.
(DEBUG) --> File is excluded.
(DEBUG) Check if /home/shohem/Documents/dev/deps/zephyr/scripts/native_simulator/common/src/include/nsi_hw_scheduler.h is included (source file)...
(DEBUG) --> File is excluded.
(DEBUG) Check if /home/shohem/Documents/dev/zephyr-course/twister-out/native_sim_native/host/homework.unit.ring_buf/zephyr/drivers/console/CMakeFiles/drivers__console.dir/posix_arch_console.c.gcda is included (trace)...
(DEBUG)   No filter matched.
(DEBUG) --> File is excluded.
(DEBUG) Check if /home/shohem/Documents/dev/zephyr-course/twister-out/native_sim_native/host/homework.unit.ring_buf/zephyr/drivers/console/CMakeFiles/drivers__console.dir/posix_arch_console.c.gcda is included (trace)...
(DEBUG) --> File is excluded.
(DEBUG) Check if posix_arch_console.c##2ea7ef67fe431dd92e1de04557cc3ce1.gcov.json.gz is included (gcov file)...
(DEBUG)   Filter AlwaysMatchFilter() matched.
(DEBUG) --> File is included.
(DEBUG) Check if /home/shohem/Documents/dev/zephyr-course/app/modules/ring_buf/posix_arch_console.c##2ea7ef67fe431dd92e1de04557cc3ce1.gcov.json.gz is included (trace)...
(DEBUG)   No filter matched.
(DEBUG) --> File is excluded.
(DEBUG) Check if /home/shohem/Documents/dev/deps/zephyr/drivers/console/posix_arch_console.c is included (source file)...
(DEBUG)   No filter matched.
(DEBUG) --> File is excluded.
(DEBUG) Check if /home/shohem/Documents/dev/zephyr-course/twister-out/native_sim_native/host/homework.unit.ring_buf/zephyr/drivers/timer/CMakeFiles/drivers__timer.dir/native_sim_timer.c.gcda is included (trace)...
(DEBUG)   No filter matched.
(DEBUG) --> File is excluded.
(DEBUG) Check if /home/shohem/Documents/dev/zephyr-course/twister-out/native_sim_native/host/homework.unit.ring_buf/zephyr/drivers/timer/CMakeFiles/drivers__timer.dir/native_sim_timer.c.gcda is included (trace)...
(DEBUG) --> File is excluded.
(DEBUG) Check if native_sim_timer.c##91f13f76f9fafc9074bc506d145930a5.gcov.json.gz is included (gcov file)...
(DEBUG)   Filter AlwaysMatchFilter() matched.
(DEBUG) --> File is included.
(DEBUG) Check if /home/shohem/Documents/dev/zephyr-course/app/modules/ring_buf/native_sim_timer.c##91f13f76f9fafc9074bc506d145930a5.gcov.json.gz is included (trace)...
(DEBUG)   No filter matched.
(DEBUG) --> File is excluded.
(DEBUG) Check if /home/shohem/Documents/dev/deps/zephyr/drivers/timer/native_sim_timer.c is included (source file)...
(DEBUG)   No filter matched.
(DEBUG) --> File is excluded.
(DEBUG) Check if /home/shohem/Documents/dev/deps/zephyr/scripts/native_simulator/common/src/include/nsi_hw_scheduler.h is included (source file)...
(DEBUG) --> File is excluded.
(DEBUG) Check if /home/shohem/Documents/dev/zephyr-course/twister-out/native_sim_native/host/homework.unit.ring_buf/zephyr/drivers/timer/CMakeFiles/drivers__timer.dir/sys_clock_init.c.gcda is included (trace)...
(DEBUG)   No filter matched.
(DEBUG) --> File is excluded.
(DEBUG) Check if /home/shohem/Documents/dev/zephyr-course/twister-out/native_sim_native/host/homework.unit.ring_buf/zephyr/drivers/timer/CMakeFiles/drivers__timer.dir/sys_clock_init.c.gcda is included (trace)...
(DEBUG) --> File is excluded.
(DEBUG) Check if sys_clock_init.c##19da55ca14aaaad668456f8af97077c1.gcov.json.gz is included (gcov file)...
(DEBUG)   Filter AlwaysMatchFilter() matched.
(DEBUG) --> File is included.
(DEBUG) Check if /home/shohem/Documents/dev/zephyr-course/app/modules/ring_buf/sys_clock_init.c##19da55ca14aaaad668456f8af97077c1.gcov.json.gz is included (trace)...
(DEBUG)   No filter matched.
(DEBUG) --> File is excluded.
(DEBUG) Check if /home/shohem/Documents/dev/deps/zephyr/drivers/timer/sys_clock_init.c is included (source file)...
(DEBUG)   No filter matched.
(DEBUG) --> File is excluded.
(DEBUG) Check if /home/shohem/Documents/dev/zephyr-course/twister-out/native_sim_native/host/homework.unit.ring_buf/zephyr/kernel/CMakeFiles/kernel.dir/banner.c.gcda is included (trace)...
(DEBUG)   No filter matched.
(DEBUG) --> File is excluded.
(DEBUG) Check if /home/shohem/Documents/dev/zephyr-course/twister-out/native_sim_native/host/homework.unit.ring_buf/zephyr/kernel/CMakeFiles/kernel.dir/banner.c.gcda is included (trace)...
(DEBUG) --> File is excluded.
(DEBUG) Check if banner.c##70674b5cf38ce94ff42f88adcf6e547d.gcov.json.gz is included (gcov file)...
(DEBUG)   Filter AlwaysMatchFilter() matched.
(DEBUG) --> File is included.
(DEBUG) Check if /home/shohem/Documents/dev/zephyr-course/app/modules/ring_buf/banner.c##70674b5cf38ce94ff42f88adcf6e547d.gcov.json.gz is included (trace)...
(DEBUG)   No filter matched.
(DEBUG) --> File is excluded.
(DEBUG) Check if /home/shohem/Documents/dev/deps/zephyr/kernel/banner.c is included (source file)...
(DEBUG)   No filter matched.
(DEBUG) --> File is excluded.
(DEBUG) Check if /home/shohem/Documents/dev/zephyr-course/twister-out/native_sim_native/host/homework.unit.ring_buf/zephyr/kernel/CMakeFiles/kernel.dir/busy_wait.c.gcno is included (trace)...
(DEBUG)   No filter matched.
(DEBUG) --> File is excluded.
(DEBUG) Check if /home/shohem/Documents/dev/zephyr-course/twister-out/native_sim_native/host/homework.unit.ring_buf/zephyr/kernel/CMakeFiles/kernel.dir/busy_wait.c.gcno is included (trace)...
(DEBUG) --> File is excluded.
(DEBUG) Check if busy_wait.c##379c12157687091cc038aa8bf08f4104.gcov.json.gz is included (gcov file)...
(DEBUG)   Filter AlwaysMatchFilter() matched.
(DEBUG) --> File is included.
(DEBUG) Check if /home/shohem/Documents/dev/zephyr-course/app/modules/ring_buf/busy_wait.c##379c12157687091cc038aa8bf08f4104.gcov.json.gz is included (trace)...
(DEBUG)   No filter matched.
(DEBUG) --> File is excluded.
(DEBUG) Check if /home/shohem/Documents/dev/deps/zephyr/kernel/busy_wait.c is included (source file)...
(DEBUG)   No filter matched.
(DEBUG) --> File is excluded.
(DEBUG) Check if /home/shohem/Documents/dev/zephyr-course/twister-out/native_sim_native/host/homework.unit.ring_buf/zephyr/kernel/CMakeFiles/kernel.dir/condvar.c.gcno is included (trace)...
(DEBUG)   No filter matched.
(DEBUG) --> File is excluded.
(DEBUG) Check if /home/shohem/Documents/dev/zephyr-course/twister-out/native_sim_native/host/homework.unit.ring_buf/zephyr/kernel/CMakeFiles/kernel.dir/condvar.c.gcno is included (trace)...
(DEBUG) --> File is excluded.
(DEBUG) Check if condvar.c##8338f0735ea08482c1fad80e09e4a821.gcov.json.gz is included (gcov file)...
(DEBUG)   Filter AlwaysMatchFilter() matched.
(DEBUG) --> File is included.
(DEBUG) Check if /home/shohem/Documents/dev/zephyr-course/app/modules/ring_buf/condvar.c##8338f0735ea08482c1fad80e09e4a821.gcov.json.gz is included (trace)...
(DEBUG)   No filter matched.
(DEBUG) --> File is excluded.
(DEBUG) Check if /home/shohem/Documents/dev/deps/zephyr/kernel/condvar.c is included (source file)...
(DEBUG)   No filter matched.
(DEBUG) --> File is excluded.
(DEBUG) Check if /home/shohem/Documents/dev/deps/zephyr/kernel/include/wait_q.h is included (source file)...
(DEBUG)   No filter matched.
(DEBUG) --> File is excluded.
(DEBUG) Check if /home/shohem/Documents/dev/deps/zephyr/kernel/include/ksched.h is included (source file)...
(DEBUG)   No filter matched.
(DEBUG) --> File is excluded.
(DEBUG) Check if /home/shohem/Documents/dev/deps/zephyr/kernel/include/priority_q.h is included (source file)...
(DEBUG)   No filter matched.
(DEBUG) --> File is excluded.
(DEBUG) Check if /home/shohem/Documents/dev/deps/zephyr/kernel/include/kthread.h is included (source file)...
(DEBUG)   No filter matched.
(DEBUG) --> File is excluded.
(DEBUG) Check if /home/shohem/Documents/dev/deps/zephyr/kernel/include/timeout_q.h is included (source file)...
(DEBUG)   No filter matched.
(DEBUG) --> File is excluded.
(DEBUG) Check if /home/shohem/Documents/dev/deps/zephyr/arch/posix/include/kernel_arch_func.h is included (source file)...
(DEBUG)   No filter matched.
(DEBUG) --> File is excluded.
(DEBUG) Check if /home/shohem/Documents/dev/zephyr-course/twister-out/native_sim_native/host/homework.unit.ring_buf/zephyr/include/generated/zephyr/syscalls/kernel.h is included (source file)...
(DEBUG) --> File is excluded.
(DEBUG) Check if /home/shohem/Documents/dev/deps/zephyr/include/zephyr/sys/internal/kobject_internal.h is included (source file)...
(DEBUG)   No filter matched.
(DEBUG) --> File is excluded.
(DEBUG) Check if /home/shohem/Documents/dev/deps/zephyr/include/zephyr/spinlock.h is included (source file)...
(DEBUG) --> File is excluded.
(DEBUG) Check if /home/shohem/Documents/dev/deps/zephyr/include/zephyr/arch/posix/arch.h is included (source file)...
(DEBUG) --> File is excluded.
(DEBUG) Check if /home/shohem/Documents/dev/deps/zephyr/include/zephyr/sys/dlist.h is included (source file)...
(DEBUG)   No filter matched.
(DEBUG) --> File is excluded.
(DEBUG) Check if /home/shohem/Documents/dev/zephyr-course/twister-out/native_sim_native/host/homework.unit.ring_buf/zephyr/kernel/CMakeFiles/kernel.dir/device.c.gcda is included (trace)...
(DEBUG)   No filter matched.
(DEBUG) --> File is excluded.
(DEBUG) Check if /home/shohem/Documents/dev/zephyr-course/twister-out/native_sim_native/host/homework.unit.ring_buf/zephyr/kernel/CMakeFiles/kernel.dir/device.c.gcda is included (trace)...
(DEBUG) --> File is excluded.
(DEBUG) Check if device.c##45459339083ac40fc14074b0239c44c1.gcov.json.gz is included (gcov file)...
(DEBUG)   Filter AlwaysMatchFilter() matched.
(DEBUG) --> File is included.
(DEBUG) Check if /home/shohem/Documents/dev/zephyr-course/app/modules/ring_buf/device.c##45459339083ac40fc14074b0239c44c1.gcov.json.gz is included (trace)...
(DEBUG)   No filter matched.
(DEBUG) --> File is excluded.
(DEBUG) Check if /home/shohem/Documents/dev/deps/zephyr/kernel/device.c is included (source file)...
(DEBUG)   No filter matched.
(DEBUG) --> File is excluded.
(DEBUG) Check if /home/shohem/Documents/dev/deps/zephyr/include/zephyr/sys/internal/kobject_internal.h is included (source file)...
(DEBUG) --> File is excluded.
(DEBUG) Check if /home/shohem/Documents/dev/zephyr-course/twister-out/native_sim_native/host/homework.unit.ring_buf/zephyr/kernel/CMakeFiles/kernel.dir/dynamic_disabled.c.gcno is included (trace)...
(DEBUG)   No filter matched.
(DEBUG) --> File is excluded.
(DEBUG) Check if /home/shohem/Documents/dev/zephyr-course/twister-out/native_sim_native/host/homework.unit.ring_buf/zephyr/kernel/CMakeFiles/kernel.dir/dynamic_disabled.c.gcno is included (trace)...
(DEBUG) --> File is excluded.
(DEBUG) Check if dynamic_disabled.c##935a0b31520a412578df5ede55944b45.gcov.json.gz is included (gcov file)...
(DEBUG)   Filter AlwaysMatchFilter() matched.
(DEBUG) --> File is included.
(DEBUG) Check if /home/shohem/Documents/dev/zephyr-course/app/modules/ring_buf/dynamic_disabled.c##935a0b31520a412578df5ede55944b45.gcov.json.gz is included (trace)...
(DEBUG)   No filter matched.
(DEBUG) --> File is excluded.
(DEBUG) Check if /home/shohem/Documents/dev/deps/zephyr/kernel/dynamic_disabled.c is included (source file)...
(DEBUG)   No filter matched.
(DEBUG) --> File is excluded.
(DEBUG) Check if /home/shohem/Documents/dev/zephyr-course/twister-out/native_sim_native/host/homework.unit.ring_buf/zephyr/kernel/CMakeFiles/kernel.dir/errno.c.gcno is included (trace)...
(DEBUG)   No filter matched.
(DEBUG) --> File is excluded.
(DEBUG) Check if /home/shohem/Documents/dev/zephyr-course/twister-out/native_sim_native/host/homework.unit.ring_buf/zephyr/kernel/CMakeFiles/kernel.dir/errno.c.gcno is included (trace)...
(DEBUG) --> File is excluded.
(DEBUG) Check if errno.c##7e5a2a423da6231a6539cc21899b8985.gcov.json.gz is included (gcov file)...
(DEBUG)   Filter AlwaysMatchFilter() matched.
(DEBUG) --> File is included.
(DEBUG) Check if /home/shohem/Documents/dev/zephyr-course/app/modules/ring_buf/errno.c##7e5a2a423da6231a6539cc21899b8985.gcov.json.gz is included (trace)...
(DEBUG)   No filter matched.
(DEBUG) --> File is excluded.
(DEBUG) Check if /home/shohem/Documents/dev/deps/zephyr/kernel/errno.c is included (source file)...
(DEBUG)   No filter matched.
(DEBUG) --> File is excluded.
(DEBUG) Check if /home/shohem/Documents/dev/zephyr-course/twister-out/native_sim_native/host/homework.unit.ring_buf/zephyr/kernel/CMakeFiles/kernel.dir/fatal.c.gcda is included (trace)...
(DEBUG)   No filter matched.
(DEBUG) --> File is excluded.
(DEBUG) Check if /home/shohem/Documents/dev/zephyr-course/twister-out/native_sim_native/host/homework.unit.ring_buf/zephyr/kernel/CMakeFiles/kernel.dir/fatal.c.gcda is included (trace)...
(DEBUG) --> File is excluded.
(DEBUG) Check if fatal.c##f06ee79b80b7322a54015f3c31d93d0a.gcov.json.gz is included (gcov file)...
(DEBUG)   Filter AlwaysMatchFilter() matched.
(DEBUG) --> File is included.
(DEBUG) Check if /home/shohem/Documents/dev/zephyr-course/app/modules/ring_buf/fatal.c##f06ee79b80b7322a54015f3c31d93d0a.gcov.json.gz is included (trace)...
(DEBUG)   No filter matched.
(DEBUG) --> File is excluded.
(DEBUG) Check if /home/shohem/Documents/dev/deps/zephyr/kernel/fatal.c is included (source file)...
(DEBUG)   No filter matched.
(DEBUG) --> File is excluded.
(DEBUG) Check if /home/shohem/Documents/dev/deps/zephyr/include/zephyr/debug/coredump.h is included (source file)...
(DEBUG)   No filter matched.
(DEBUG) --> File is excluded.
(DEBUG) Check if /home/shohem/Documents/dev/zephyr-course/twister-out/native_sim_native/host/homework.unit.ring_buf/zephyr/include/generated/zephyr/syscalls/log_ctrl.h is included (source file)...
(DEBUG) --> File is excluded.
(DEBUG) Check if /home/shohem/Documents/dev/deps/zephyr/include/zephyr/logging/log_msg.h is included (source file)...
(DEBUG) --> File is excluded.
(DEBUG) Check if /home/shohem/Documents/dev/zephyr-course/twister-out/native_sim_native/host/homework.unit.ring_buf/zephyr/include/generated/zephyr/syscalls/kernel.h is included (source file)...
(DEBUG) --> File is excluded.
(DEBUG) Check if /home/shohem/Documents/dev/deps/zephyr/include/zephyr/arch/posix/arch.h is included (source file)...
(DEBUG) --> File is excluded.
(DEBUG) Check if /home/shohem/Documents/dev/zephyr-course/twister-out/native_sim_native/host/homework.unit.ring_buf/zephyr/kernel/CMakeFiles/kernel.dir/float.c.gcno is included (trace)...
(DEBUG)   No filter matched.
(DEBUG) --> File is excluded.
(DEBUG) Check if /home/shohem/Documents/dev/zephyr-course/twister-out/native_sim_native/host/homework.unit.ring_buf/zephyr/kernel/CMakeFiles/kernel.dir/float.c.gcno is included (trace)...
(DEBUG) --> File is excluded.
(DEBUG) Check if float.c##f4b2a5471f0ed0326c943fa6dae4bd51.gcov.json.gz is included (gcov file)...
(DEBUG)   Filter AlwaysMatchFilter() matched.
(DEBUG) --> File is included.
(DEBUG) Check if /home/shohem/Documents/dev/zephyr-course/app/modules/ring_buf/float.c##f4b2a5471f0ed0326c943fa6dae4bd51.gcov.json.gz is included (trace)...
(DEBUG)   No filter matched.
(DEBUG) --> File is excluded.
(DEBUG) Check if /home/shohem/Documents/dev/deps/zephyr/kernel/float.c is included (source file)...
(DEBUG)   No filter matched.
(DEBUG) --> File is excluded.
(DEBUG) Check if /home/shohem/Documents/dev/zephyr-course/twister-out/native_sim_native/host/homework.unit.ring_buf/zephyr/kernel/CMakeFiles/kernel.dir/idle.c.gcda is included (trace)...
(DEBUG)   No filter matched.
(DEBUG) --> File is excluded.
(DEBUG) Check if /home/shohem/Documents/dev/zephyr-course/twister-out/native_sim_native/host/homework.unit.ring_buf/zephyr/kernel/CMakeFiles/kernel.dir/idle.c.gcda is included (trace)...
(DEBUG) --> File is excluded.
(DEBUG) Check if idle.c##db5ec4a331815dcd1d1a69a13513249c.gcov.json.gz is included (gcov file)...
(DEBUG)   Filter AlwaysMatchFilter() matched.
(DEBUG) --> File is included.
(DEBUG) Check if /home/shohem/Documents/dev/zephyr-course/app/modules/ring_buf/idle.c##db5ec4a331815dcd1d1a69a13513249c.gcov.json.gz is included (trace)...
(DEBUG)   No filter matched.
(DEBUG) --> File is excluded.
(DEBUG) Check if /home/shohem/Documents/dev/deps/zephyr/kernel/idle.c is included (source file)...
(DEBUG)   No filter matched.
(DEBUG) --> File is excluded.
(DEBUG) Check if /home/shohem/Documents/dev/deps/zephyr/include/zephyr/kernel.h is included (source file)...
(DEBUG) --> File is excluded.
(DEBUG) Check if /home/shohem/Documents/dev/deps/zephyr/include/zephyr/arch/posix/arch.h is included (source file)...
(DEBUG) --> File is excluded.
(DEBUG) Check if /home/shohem/Documents/dev/zephyr-course/twister-out/native_sim_native/host/homework.unit.ring_buf/zephyr/kernel/CMakeFiles/kernel.dir/init.c.gcda is included (trace)...
(DEBUG)   No filter matched.
(DEBUG) --> File is excluded.
(DEBUG) Check if /home/shohem/Documents/dev/zephyr-course/twister-out/native_sim_native/host/homework.unit.ring_buf/zephyr/kernel/CMakeFiles/kernel.dir/init.c.gcda is included (trace)...
(DEBUG) --> File is excluded.
(DEBUG) Check if init.c##ccea436d1511f22e62f4a1abac630f5c.gcov.json.gz is included (gcov file)...
(DEBUG)   Filter AlwaysMatchFilter() matched.
(DEBUG) --> File is included.
(DEBUG) Check if /home/shohem/Documents/dev/zephyr-course/app/modules/ring_buf/init.c##ccea436d1511f22e62f4a1abac630f5c.gcov.json.gz is included (trace)...
(DEBUG)   No filter matched.
(DEBUG) --> File is excluded.
(DEBUG) Check if /home/shohem/Documents/dev/deps/zephyr/kernel/init.c is included (source file)...
(DEBUG)   No filter matched.
(DEBUG) --> File is excluded.
(DEBUG) Check if /home/shohem/Documents/dev/deps/zephyr/include/zephyr/pm/device_runtime.h is included (source file)...
(DEBUG)   No filter matched.
(DEBUG) --> File is excluded.
(DEBUG) Check if /home/shohem/Documents/dev/deps/zephyr/include/zephyr/debug/gcov.h is included (source file)...
(DEBUG)   No filter matched.
(DEBUG) --> File is excluded.
(DEBUG) Check if /home/shohem/Documents/dev/deps/zephyr/kernel/include/kthread.h is included (source file)...
(DEBUG) --> File is excluded.
(DEBUG) Check if /home/shohem/Documents/dev/deps/zephyr/kernel/include/timeout_q.h is included (source file)...
(DEBUG) --> File is excluded.
(DEBUG) Check if /home/shohem/Documents/dev/deps/zephyr/arch/posix/include/kernel_arch_func.h is included (source file)...
(DEBUG) --> File is excluded.
(DEBUG) Check if /home/shohem/Documents/dev/zephyr-course/twister-out/native_sim_native/host/homework.unit.ring_buf/zephyr/include/generated/zephyr/syscalls/kernel.h is included (source file)...
(DEBUG) --> File is excluded.
(DEBUG) Check if /home/shohem/Documents/dev/deps/zephyr/include/zephyr/kernel.h is included (source file)...
(DEBUG) --> File is excluded.
(DEBUG) Check if /home/shohem/Documents/dev/deps/zephyr/include/zephyr/kernel/thread_stack.h is included (source file)...
(DEBUG)   No filter matched.
(DEBUG) --> File is excluded.
(DEBUG) Check if /home/shohem/Documents/dev/deps/zephyr/include/zephyr/arch/posix/arch.h is included (source file)...
(DEBUG) --> File is excluded.
(DEBUG) Check if /home/shohem/Documents/dev/zephyr-course/twister-out/native_sim_native/host/homework.unit.ring_buf/zephyr/kernel/CMakeFiles/kernel.dir/kheap.c.gcno is included (trace)...
(DEBUG)   No filter matched.
(DEBUG) --> File is excluded.
(DEBUG) Check if /home/shohem/Documents/dev/zephyr-course/twister-out/native_sim_native/host/homework.unit.ring_buf/zephyr/kernel/CMakeFiles/kernel.dir/kheap.c.gcno is included (trace)...
(DEBUG) --> File is excluded.
(DEBUG) Check if kheap.c##ab9b8a9b18e0a3b9bde3b969d702a67a.gcov.json.gz is included (gcov file)...
(DEBUG)   Filter AlwaysMatchFilter() matched.
(DEBUG) --> File is included.
(DEBUG) Check if /home/shohem/Documents/dev/zephyr-course/app/modules/ring_buf/kheap.c##ab9b8a9b18e0a3b9bde3b969d702a67a.gcov.json.gz is included (trace)...
(DEBUG)   No filter matched.
(DEBUG) --> File is excluded.
(DEBUG) Check if /home/shohem/Documents/dev/deps/zephyr/kernel/kheap.c is included (source file)...
(DEBUG)   No filter matched.
(DEBUG) --> File is excluded.
(DEBUG) Check if /home/shohem/Documents/dev/deps/zephyr/kernel/include/wait_q.h is included (source file)...
(DEBUG) --> File is excluded.
(DEBUG) Check if /home/shohem/Documents/dev/deps/zephyr/include/zephyr/sys/math_extras_impl.h is included (source file)...
(DEBUG)   No filter matched.
(DEBUG) --> File is excluded.
(DEBUG) Check if /home/shohem/Documents/dev/deps/zephyr/arch/posix/include/kernel_arch_func.h is included (source file)...
(DEBUG) --> File is excluded.
(DEBUG) Check if /home/shohem/Documents/dev/deps/zephyr/include/zephyr/spinlock.h is included (source file)...
(DEBUG) --> File is excluded.
(DEBUG) Check if /home/shohem/Documents/dev/deps/zephyr/include/zephyr/arch/posix/arch.h is included (source file)...
(DEBUG) --> File is excluded.
(DEBUG) Check if /home/shohem/Documents/dev/deps/zephyr/include/zephyr/sys/dlist.h is included (source file)...
(DEBUG) --> File is excluded.
(DEBUG) Check if /home/shohem/Documents/dev/zephyr-course/twister-out/native_sim_native/host/homework.unit.ring_buf/zephyr/kernel/CMakeFiles/kernel.dir/mailbox.c.gcno is included (trace)...
(DEBUG)   No filter matched.
(DEBUG) --> File is excluded.
(DEBUG) Check if /home/shohem/Documents/dev/zephyr-course/twister-out/native_sim_native/host/homework.unit.ring_buf/zephyr/kernel/CMakeFiles/kernel.dir/mailbox.c.gcno is included (trace)...
(DEBUG) --> File is excluded.
(DEBUG) Check if mailbox.c##38151e2dd2da8045f2a528156115ec9c.gcov.json.gz is included (gcov file)...
(DEBUG)   Filter AlwaysMatchFilter() matched.
(DEBUG) --> File is included.
(DEBUG) Check if /home/shohem/Documents/dev/zephyr-course/app/modules/ring_buf/mailbox.c##38151e2dd2da8045f2a528156115ec9c.gcov.json.gz is included (trace)...
(DEBUG)   No filter matched.
(DEBUG) --> File is excluded.
(DEBUG) Check if /home/shohem/Documents/dev/deps/zephyr/kernel/mailbox.c is included (source file)...
(DEBUG)   No filter matched.
(DEBUG) --> File is excluded.
(DEBUG) Check if /home/shohem/Documents/dev/deps/zephyr/kernel/include/wait_q.h is included (source file)...
(DEBUG) --> File is excluded.
(DEBUG) Check if /home/shohem/Documents/dev/deps/zephyr/kernel/include/ksched.h is included (source file)...
(DEBUG) --> File is excluded.
(DEBUG) Check if /home/shohem/Documents/dev/deps/zephyr/kernel/include/kthread.h is included (source file)...
(DEBUG) --> File is excluded.
(DEBUG) Check if /home/shohem/Documents/dev/deps/zephyr/arch/posix/include/kernel_arch_func.h is included (source file)...
(DEBUG) --> File is excluded.
(DEBUG) Check if /home/shohem/Documents/dev/zephyr-course/twister-out/native_sim_native/host/homework.unit.ring_buf/zephyr/include/generated/zephyr/syscalls/kernel.h is included (source file)...
(DEBUG) --> File is excluded.
(DEBUG) Check if /home/shohem/Documents/dev/deps/zephyr/include/zephyr/spinlock.h is included (source file)...
(DEBUG) --> File is excluded.
(DEBUG) Check if /home/shohem/Documents/dev/deps/zephyr/include/zephyr/arch/posix/arch.h is included (source file)...
(DEBUG) --> File is excluded.
(DEBUG) Check if /home/shohem/Documents/dev/deps/zephyr/include/zephyr/sys/dlist.h is included (source file)...
(DEBUG) --> File is excluded.
(DEBUG) Check if /home/shohem/Documents/dev/zephyr-course/twister-out/native_sim_native/host/homework.unit.ring_buf/zephyr/kernel/CMakeFiles/kernel.dir/main_weak.c.gcno is included (trace)...
(DEBUG)   No filter matched.
(DEBUG) --> File is excluded.
(DEBUG) Check if /home/shohem/Documents/dev/zephyr-course/twister-out/native_sim_native/host/homework.unit.ring_buf/zephyr/kernel/CMakeFiles/kernel.dir/main_weak.c.gcno is included (trace)...
(DEBUG) --> File is excluded.
(DEBUG) Check if main_weak.c##5d292001b6e1a30b4572c74c017832c1.gcov.json.gz is included (gcov file)...
(DEBUG)   Filter AlwaysMatchFilter() matched.
(DEBUG) --> File is included.
(DEBUG) Check if /home/shohem/Documents/dev/zephyr-course/app/modules/ring_buf/main_weak.c##5d292001b6e1a30b4572c74c017832c1.gcov.json.gz is included (trace)...
(DEBUG)   No filter matched.
(DEBUG) --> File is excluded.
(DEBUG) Check if /home/shohem/Documents/dev/deps/zephyr/kernel/main_weak.c is included (source file)...
(DEBUG)   No filter matched.
(DEBUG) --> File is excluded.
(DEBUG) Check if /home/shohem/Documents/dev/deps/zephyr/include/zephyr/arch/posix/arch.h is included (source file)...
(DEBUG) --> File is excluded.
(DEBUG) Check if /home/shohem/Documents/dev/zephyr-course/twister-out/native_sim_native/host/homework.unit.ring_buf/zephyr/kernel/CMakeFiles/kernel.dir/mem_slab.c.gcno is included (trace)...
(DEBUG)   No filter matched.
(DEBUG) --> File is excluded.
(DEBUG) Check if /home/shohem/Documents/dev/zephyr-course/twister-out/native_sim_native/host/homework.unit.ring_buf/zephyr/kernel/CMakeFiles/kernel.dir/mem_slab.c.gcno is included (trace)...
(DEBUG) --> File is excluded.
(DEBUG) Check if mem_slab.c##8a4f0d1b5ad1a30868704632701ce62b.gcov.json.gz is included (gcov file)...
(DEBUG)   Filter AlwaysMatchFilter() matched.
(DEBUG) --> File is included.
(DEBUG) Check if /home/shohem/Documents/dev/zephyr-course/app/modules/ring_buf/mem_slab.c##8a4f0d1b5ad1a30868704632701ce62b.gcov.json.gz is included (trace)...
(DEBUG)   No filter matched.
(DEBUG) --> File is excluded.
(DEBUG) Check if /home/shohem/Documents/dev/deps/zephyr/kernel/mem_slab.c is included (source file)...
(DEBUG)   No filter matched.
(DEBUG) --> File is excluded.
(DEBUG) Check if /home/shohem/Documents/dev/deps/zephyr/kernel/include/wait_q.h is included (source file)...
(DEBUG) --> File is excluded.
(DEBUG) Check if /home/shohem/Documents/dev/deps/zephyr/kernel/include/ksched.h is included (source file)...
(DEBUG) --> File is excluded.
(DEBUG) Check if /home/shohem/Documents/dev/deps/zephyr/kernel/include/priority_q.h is included (source file)...
(DEBUG) --> File is excluded.
(DEBUG) Check if /home/shohem/Documents/dev/deps/zephyr/kernel/include/kthread.h is included (source file)...
(DEBUG) --> File is excluded.
(DEBUG) Check if /home/shohem/Documents/dev/deps/zephyr/kernel/include/timeout_q.h is included (source file)...
(DEBUG) --> File is excluded.
(DEBUG) Check if /home/shohem/Documents/dev/deps/zephyr/kernel/include/kernel_internal.h is included (source file)...
(DEBUG)   No filter matched.
(DEBUG) --> File is excluded.
(DEBUG) Check if /home/shohem/Documents/dev/deps/zephyr/arch/posix/include/kernel_arch_func.h is included (source file)...
(DEBUG) --> File is excluded.
(DEBUG) Check if /home/shohem/Documents/dev/deps/zephyr/include/zephyr/sys/internal/kobject_internal.h is included (source file)...
(DEBUG) --> File is excluded.
(DEBUG) Check if /home/shohem/Documents/dev/deps/zephyr/include/zephyr/spinlock.h is included (source file)...
(DEBUG) --> File is excluded.
(DEBUG) Check if /home/shohem/Documents/dev/deps/zephyr/include/zephyr/arch/posix/arch.h is included (source file)...
(DEBUG) --> File is excluded.
(DEBUG) Check if /home/shohem/Documents/dev/deps/zephyr/include/zephyr/sys/dlist.h is included (source file)...
(DEBUG) --> File is excluded.
(DEBUG) Check if /home/shohem/Documents/dev/zephyr-course/twister-out/native_sim_native/host/homework.unit.ring_buf/zephyr/kernel/CMakeFiles/kernel.dir/mempool.c.gcno is included (trace)...
(DEBUG)   No filter matched.
(DEBUG) --> File is excluded.
(DEBUG) Check if /home/shohem/Documents/dev/zephyr-course/twister-out/native_sim_native/host/homework.unit.ring_buf/zephyr/kernel/CMakeFiles/kernel.dir/mempool.c.gcno is included (trace)...
(DEBUG) --> File is excluded.
(DEBUG) Check if mempool.c##866b923daccd0b3bcd5b811f6725281d.gcov.json.gz is included (gcov file)...
(DEBUG)   Filter AlwaysMatchFilter() matched.
(DEBUG) --> File is included.
(DEBUG) Check if /home/shohem/Documents/dev/zephyr-course/app/modules/ring_buf/mempool.c##866b923daccd0b3bcd5b811f6725281d.gcov.json.gz is included (trace)...
(DEBUG)   No filter matched.
(DEBUG) --> File is excluded.
(DEBUG) Check if /home/shohem/Documents/dev/deps/zephyr/kernel/mempool.c is included (source file)...
(DEBUG)   No filter matched.
(DEBUG) --> File is excluded.
(DEBUG) Check if /home/shohem/Documents/dev/deps/zephyr/include/zephyr/sys/math_extras_impl.h is included (source file)...
(DEBUG) --> File is excluded.
(DEBUG) Check if /home/shohem/Documents/dev/deps/zephyr/include/zephyr/spinlock.h is included (source file)...
(DEBUG) --> File is excluded.
(DEBUG) Check if /home/shohem/Documents/dev/deps/zephyr/include/zephyr/arch/posix/arch.h is included (source file)...
(DEBUG) --> File is excluded.
(DEBUG) Check if /home/shohem/Documents/dev/zephyr-course/twister-out/native_sim_native/host/homework.unit.ring_buf/zephyr/kernel/CMakeFiles/kernel.dir/msg_q.c.gcno is included (trace)...
(DEBUG)   No filter matched.
(DEBUG) --> File is excluded.
(DEBUG) Check if /home/shohem/Documents/dev/zephyr-course/twister-out/native_sim_native/host/homework.unit.ring_buf/zephyr/kernel/CMakeFiles/kernel.dir/msg_q.c.gcno is included (trace)...
(DEBUG) --> File is excluded.
(DEBUG) Check if msg_q.c##c8527dccf1893893ec06ece7017c2e58.gcov.json.gz is included (gcov file)...
(DEBUG)   Filter AlwaysMatchFilter() matched.
(DEBUG) --> File is included.
(DEBUG) Check if /home/shohem/Documents/dev/zephyr-course/app/modules/ring_buf/msg_q.c##c8527dccf1893893ec06ece7017c2e58.gcov.json.gz is included (trace)...
(DEBUG)   No filter matched.
(DEBUG) --> File is excluded.
(DEBUG) Check if /home/shohem/Documents/dev/deps/zephyr/kernel/msg_q.c is included (source file)...
(DEBUG)   No filter matched.
(DEBUG) --> File is excluded.
(DEBUG) Check if /home/shohem/Documents/dev/deps/zephyr/kernel/include/wait_q.h is included (source file)...
(DEBUG) --> File is excluded.
(DEBUG) Check if /home/shohem/Documents/dev/deps/zephyr/kernel/include/ksched.h is included (source file)...
(DEBUG) --> File is excluded.
(DEBUG) Check if /home/shohem/Documents/dev/deps/zephyr/kernel/include/priority_q.h is included (source file)...
(DEBUG) --> File is excluded.
(DEBUG) Check if /home/shohem/Documents/dev/deps/zephyr/include/zephyr/sys/math_extras_impl.h is included (source file)...
(DEBUG) --> File is excluded.
(DEBUG) Check if /home/shohem/Documents/dev/deps/zephyr/kernel/include/kthread.h is included (source file)...
(DEBUG) --> File is excluded.
(DEBUG) Check if /home/shohem/Documents/dev/deps/zephyr/kernel/include/timeout_q.h is included (source file)...
(DEBUG) --> File is excluded.
(DEBUG) Check if /home/shohem/Documents/dev/deps/zephyr/arch/posix/include/kernel_arch_func.h is included (source file)...
(DEBUG) --> File is excluded.
(DEBUG) Check if /home/shohem/Documents/dev/deps/zephyr/include/zephyr/sys/internal/kobject_internal.h is included (source file)...
(DEBUG) --> File is excluded.
(DEBUG) Check if /home/shohem/Documents/dev/deps/zephyr/include/zephyr/spinlock.h is included (source file)...
(DEBUG) --> File is excluded.
(DEBUG) Check if /home/shohem/Documents/dev/deps/zephyr/include/zephyr/arch/posix/arch.h is included (source file)...
(DEBUG) --> File is excluded.
(DEBUG) Check if /home/shohem/Documents/dev/deps/zephyr/include/zephyr/sys/dlist.h is included (source file)...
(DEBUG) --> File is excluded.
(DEBUG) Check if /home/shohem/Documents/dev/zephyr-course/twister-out/native_sim_native/host/homework.unit.ring_buf/zephyr/kernel/CMakeFiles/kernel.dir/mutex.c.gcno is included (trace)...
(DEBUG)   No filter matched.
(DEBUG) --> File is excluded.
(DEBUG) Check if /home/shohem/Documents/dev/zephyr-course/twister-out/native_sim_native/host/homework.unit.ring_buf/zephyr/kernel/CMakeFiles/kernel.dir/mutex.c.gcno is included (trace)...
(DEBUG) --> File is excluded.
(DEBUG) Check if mutex.c##7aeef2faee254f8fc0b1c4cfcbc66254.gcov.json.gz is included (gcov file)...
(DEBUG)   Filter AlwaysMatchFilter() matched.
(DEBUG) --> File is included.
(DEBUG) Check if /home/shohem/Documents/dev/zephyr-course/app/modules/ring_buf/mutex.c##7aeef2faee254f8fc0b1c4cfcbc66254.gcov.json.gz is included (trace)...
(DEBUG)   No filter matched.
(DEBUG) --> File is excluded.
(DEBUG) Check if /home/shohem/Documents/dev/deps/zephyr/kernel/mutex.c is included (source file)...
(DEBUG)   No filter matched.
(DEBUG) --> File is excluded.
(DEBUG) Check if /home/shohem/Documents/dev/deps/zephyr/include/zephyr/logging/log_msg.h is included (source file)...
(DEBUG) --> File is excluded.
(DEBUG) Check if /home/shohem/Documents/dev/deps/zephyr/kernel/include/wait_q.h is included (source file)...
(DEBUG) --> File is excluded.
(DEBUG) Check if /home/shohem/Documents/dev/deps/zephyr/kernel/include/ksched.h is included (source file)...
(DEBUG) --> File is excluded.
(DEBUG) Check if /home/shohem/Documents/dev/deps/zephyr/kernel/include/priority_q.h is included (source file)...
(DEBUG) --> File is excluded.
(DEBUG) Check if /home/shohem/Documents/dev/deps/zephyr/kernel/include/kthread.h is included (source file)...
(DEBUG) --> File is excluded.
(DEBUG) Check if /home/shohem/Documents/dev/deps/zephyr/kernel/include/timeout_q.h is included (source file)...
(DEBUG) --> File is excluded.
(DEBUG) Check if /home/shohem/Documents/dev/deps/zephyr/arch/posix/include/kernel_arch_func.h is included (source file)...
(DEBUG) --> File is excluded.
(DEBUG) Check if /home/shohem/Documents/dev/deps/zephyr/include/zephyr/sys/internal/kobject_internal.h is included (source file)...
(DEBUG) --> File is excluded.
(DEBUG) Check if /home/shohem/Documents/dev/deps/zephyr/include/zephyr/spinlock.h is included (source file)...
(DEBUG) --> File is excluded.
(DEBUG) Check if /home/shohem/Documents/dev/deps/zephyr/include/zephyr/arch/posix/arch.h is included (source file)...
(DEBUG) --> File is excluded.
(DEBUG) Check if /home/shohem/Documents/dev/deps/zephyr/include/zephyr/sys/dlist.h is included (source file)...
(DEBUG) --> File is excluded.
(DEBUG) Check if /home/shohem/Documents/dev/zephyr-course/twister-out/native_sim_native/host/homework.unit.ring_buf/zephyr/kernel/CMakeFiles/kernel.dir/pipe.c.gcno is included (trace)...
(DEBUG)   No filter matched.
(DEBUG) --> File is excluded.
(DEBUG) Check if /home/shohem/Documents/dev/zephyr-course/twister-out/native_sim_native/host/homework.unit.ring_buf/zephyr/kernel/CMakeFiles/kernel.dir/pipe.c.gcno is included (trace)...
(DEBUG) --> File is excluded.
(DEBUG) Check if pipe.c##d0d7828fe879cfb031b014c319fe84d9.gcov.json.gz is included (gcov file)...
(DEBUG)   Filter AlwaysMatchFilter() matched.
(DEBUG) --> File is included.
(DEBUG) Check if /home/shohem/Documents/dev/zephyr-course/app/modules/ring_buf/pipe.c##d0d7828fe879cfb031b014c319fe84d9.gcov.json.gz is included (trace)...
(DEBUG)   No filter matched.
(DEBUG) --> File is excluded.
(DEBUG) Check if /home/shohem/Documents/dev/deps/zephyr/kernel/pipe.c is included (source file)...
(DEBUG)   No filter matched.
(DEBUG) --> File is excluded.
(DEBUG) Check if /home/shohem/Documents/dev/deps/zephyr/kernel/include/wait_q.h is included (source file)...
(DEBUG) --> File is excluded.
(DEBUG) Check if /home/shohem/Documents/dev/deps/zephyr/kernel/include/ksched.h is included (source file)...
(DEBUG) --> File is excluded.
(DEBUG) Check if /home/shohem/Documents/dev/deps/zephyr/kernel/include/priority_q.h is included (source file)...
(DEBUG) --> File is excluded.
(DEBUG) Check if /home/shohem/Documents/dev/deps/zephyr/kernel/include/kthread.h is included (source file)...
(DEBUG) --> File is excluded.
(DEBUG) Check if /home/shohem/Documents/dev/deps/zephyr/kernel/include/timeout_q.h is included (source file)...
(DEBUG) --> File is excluded.
(DEBUG) Check if /home/shohem/Documents/dev/deps/zephyr/kernel/include/kernel_internal.h is included (source file)...
(DEBUG) --> File is excluded.
(DEBUG) Check if /home/shohem/Documents/dev/deps/zephyr/arch/posix/include/kernel_arch_func.h is included (source file)...
(DEBUG) --> File is excluded.
(DEBUG) Check if /home/shohem/Documents/dev/deps/zephyr/include/zephyr/sys/ring_buffer.h is included (source file)...
(DEBUG) --> File is excluded.
(DEBUG) Check if /home/shohem/Documents/dev/deps/zephyr/include/zephyr/sys/internal/kobject_internal.h is included (source file)...
(DEBUG) --> File is excluded.
(DEBUG) Check if /home/shohem/Documents/dev/deps/zephyr/include/zephyr/spinlock.h is included (source file)...
(DEBUG) --> File is excluded.
(DEBUG) Check if /home/shohem/Documents/dev/deps/zephyr/include/zephyr/arch/posix/arch.h is included (source file)...
(DEBUG) --> File is excluded.
(DEBUG) Check if /home/shohem/Documents/dev/deps/zephyr/include/zephyr/sys/dlist.h is included (source file)...
(DEBUG) --> File is excluded.
(DEBUG) Check if /home/shohem/Documents/dev/zephyr-course/twister-out/native_sim_native/host/homework.unit.ring_buf/zephyr/kernel/CMakeFiles/kernel.dir/queue.c.gcno is included (trace)...
(DEBUG)   No filter matched.
(DEBUG) --> File is excluded.
(DEBUG) Check if /home/shohem/Documents/dev/zephyr-course/twister-out/native_sim_native/host/homework.unit.ring_buf/zephyr/kernel/CMakeFiles/kernel.dir/queue.c.gcno is included (trace)...
(DEBUG) --> File is excluded.
(DEBUG) Check if queue.c##5ffeae66d279c9d9cdb3b738ea29758e.gcov.json.gz is included (gcov file)...
(DEBUG)   Filter AlwaysMatchFilter() matched.
(DEBUG) --> File is included.
(DEBUG) Check if /home/shohem/Documents/dev/zephyr-course/app/modules/ring_buf/queue.c##5ffeae66d279c9d9cdb3b738ea29758e.gcov.json.gz is included (trace)...
(DEBUG)   No filter matched.
(DEBUG) --> File is excluded.
(DEBUG) Check if /home/shohem/Documents/dev/deps/zephyr/kernel/queue.c is included (source file)...
(DEBUG)   No filter matched.
(DEBUG) --> File is excluded.
(DEBUG) Check if /home/shohem/Documents/dev/deps/zephyr/kernel/include/ksched.h is included (source file)...
(DEBUG) --> File is excluded.
(DEBUG) Check if /home/shohem/Documents/dev/deps/zephyr/kernel/include/kthread.h is included (source file)...
(DEBUG) --> File is excluded.
(DEBUG) Check if /home/shohem/Documents/dev/deps/zephyr/kernel/include/kernel_internal.h is included (source file)...
(DEBUG) --> File is excluded.
(DEBUG) Check if /home/shohem/Documents/dev/deps/zephyr/arch/posix/include/kernel_arch_func.h is included (source file)...
(DEBUG) --> File is excluded.
(DEBUG) Check if /home/shohem/Documents/dev/deps/zephyr/kernel/include/wait_q.h is included (source file)...
(DEBUG) --> File is excluded.
(DEBUG) Check if /home/shohem/Documents/dev/deps/zephyr/kernel/include/priority_q.h is included (source file)...
(DEBUG) --> File is excluded.
(DEBUG) Check if /home/shohem/Documents/dev/deps/zephyr/kernel/include/timeout_q.h is included (source file)...
(DEBUG) --> File is excluded.
(DEBUG) Check if /home/shohem/Documents/dev/deps/zephyr/include/zephyr/sys/internal/kobject_internal.h is included (source file)...
(DEBUG) --> File is excluded.
(DEBUG) Check if /home/shohem/Documents/dev/deps/zephyr/include/zephyr/spinlock.h is included (source file)...
(DEBUG) --> File is excluded.
(DEBUG) Check if /home/shohem/Documents/dev/deps/zephyr/include/zephyr/arch/posix/arch.h is included (source file)...
(DEBUG) --> File is excluded.
(DEBUG) Check if /home/shohem/Documents/dev/deps/zephyr/include/zephyr/sys/sflist.h is included (source file)...
(DEBUG)   No filter matched.
(DEBUG) --> File is excluded.
(DEBUG) Check if /home/shohem/Documents/dev/deps/zephyr/include/zephyr/sys/slist.h is included (source file)...
(DEBUG) --> File is excluded.
(DEBUG) Check if /home/shohem/Documents/dev/deps/zephyr/include/zephyr/sys/dlist.h is included (source file)...
(DEBUG) --> File is excluded.
(DEBUG) Check if /home/shohem/Documents/dev/zephyr-course/twister-out/native_sim_native/host/homework.unit.ring_buf/zephyr/kernel/CMakeFiles/kernel.dir/sched.c.gcda is included (trace)...
(DEBUG)   No filter matched.
(DEBUG) --> File is excluded.
(DEBUG) Check if /home/shohem/Documents/dev/zephyr-course/twister-out/native_sim_native/host/homework.unit.ring_buf/zephyr/kernel/CMakeFiles/kernel.dir/sched.c.gcda is included (trace)...
(DEBUG) --> File is excluded.
(DEBUG) Check if sched.c##8ef9bfa0aa082ae00a56c35ccc8a554c.gcov.json.gz is included (gcov file)...
(DEBUG)   Filter AlwaysMatchFilter() matched.
(DEBUG) --> File is included.
(DEBUG) Check if /home/shohem/Documents/dev/zephyr-course/app/modules/ring_buf/sched.c##8ef9bfa0aa082ae00a56c35ccc8a554c.gcov.json.gz is included (trace)...
(DEBUG)   No filter matched.
(DEBUG) --> File is excluded.
(DEBUG) Check if /home/shohem/Documents/dev/deps/zephyr/kernel/sched.c is included (source file)...
(DEBUG)   No filter matched.
(DEBUG) --> File is excluded.
(DEBUG) Check if /home/shohem/Documents/dev/deps/zephyr/include/zephyr/logging/log_msg.h is included (source file)...
(DEBUG) --> File is excluded.
(DEBUG) Check if /home/shohem/Documents/dev/deps/zephyr/kernel/include/kswap.h is included (source file)...
(DEBUG) --> File is excluded.
(DEBUG) Check if /home/shohem/Documents/dev/deps/zephyr/kernel/include/wait_q.h is included (source file)...
(DEBUG) --> File is excluded.
(DEBUG) Check if /home/shohem/Documents/dev/deps/zephyr/kernel/include/ksched.h is included (source file)...
(DEBUG) --> File is excluded.
(DEBUG) Check if /home/shohem/Documents/dev/deps/zephyr/kernel/include/priority_q.h is included (source file)...
(DEBUG) --> File is excluded.
(DEBUG) Check if /home/shohem/Documents/dev/deps/zephyr/kernel/include/kthread.h is included (source file)...
(DEBUG) --> File is excluded.
(DEBUG) Check if /home/shohem/Documents/dev/deps/zephyr/kernel/include/timeout_q.h is included (source file)...
(DEBUG) --> File is excluded.
(DEBUG) Check if /home/shohem/Documents/dev/deps/zephyr/kernel/include/kernel_internal.h is included (source file)...
(DEBUG) --> File is excluded.
(DEBUG) Check if /home/shohem/Documents/dev/deps/zephyr/arch/posix/include/kernel_arch_func.h is included (source file)...
(DEBUG) --> File is excluded.
(DEBUG) Check if /home/shohem/Documents/dev/zephyr-course/twister-out/native_sim_native/host/homework.unit.ring_buf/zephyr/include/generated/zephyr/syscalls/kernel.h is included (source file)...
(DEBUG) --> File is excluded.
(DEBUG) Check if /home/shohem/Documents/dev/deps/zephyr/include/zephyr/kernel.h is included (source file)...
(DEBUG) --> File is excluded.
(DEBUG) Check if /home/shohem/Documents/dev/deps/zephyr/include/zephyr/spinlock.h is included (source file)...
(DEBUG) --> File is excluded.
(DEBUG) Check if /home/shohem/Documents/dev/deps/zephyr/include/zephyr/arch/posix/arch.h is included (source file)...
(DEBUG) --> File is excluded.
(DEBUG) Check if /home/shohem/Documents/dev/deps/zephyr/include/zephyr/sys/dlist.h is included (source file)...
(DEBUG) --> File is excluded.
(DEBUG) Check if /home/shohem/Documents/dev/zephyr-course/twister-out/native_sim_native/host/homework.unit.ring_buf/zephyr/kernel/CMakeFiles/kernel.dir/sem.c.gcda is included (trace)...
(DEBUG)   No filter matched.
(DEBUG) --> File is excluded.
(DEBUG) Check if /home/shohem/Documents/dev/zephyr-course/twister-out/native_sim_native/host/homework.unit.ring_buf/zephyr/kernel/CMakeFiles/kernel.dir/sem.c.gcda is included (trace)...
(DEBUG) --> File is excluded.
(DEBUG) Check if sem.c##f46824f022ebf7ef306448f855b219da.gcov.json.gz is included (gcov file)...
(DEBUG)   Filter AlwaysMatchFilter() matched.
(DEBUG) --> File is included.
(DEBUG) Check if /home/shohem/Documents/dev/zephyr-course/app/modules/ring_buf/sem.c##f46824f022ebf7ef306448f855b219da.gcov.json.gz is included (trace)...
(DEBUG)   No filter matched.
(DEBUG) --> File is excluded.
(DEBUG) Check if /home/shohem/Documents/dev/deps/zephyr/kernel/sem.c is included (source file)...
(DEBUG)   No filter matched.
(DEBUG) --> File is excluded.
(DEBUG) Check if /home/shohem/Documents/dev/deps/zephyr/kernel/include/ksched.h is included (source file)...
(DEBUG) --> File is excluded.
(DEBUG) Check if /home/shohem/Documents/dev/deps/zephyr/kernel/include/kthread.h is included (source file)...
(DEBUG) --> File is excluded.
(DEBUG) Check if /home/shohem/Documents/dev/deps/zephyr/arch/posix/include/kernel_arch_func.h is included (source file)...
(DEBUG) --> File is excluded.
(DEBUG) Check if /home/shohem/Documents/dev/deps/zephyr/kernel/include/wait_q.h is included (source file)...
(DEBUG) --> File is excluded.
(DEBUG) Check if /home/shohem/Documents/dev/deps/zephyr/kernel/include/priority_q.h is included (source file)...
(DEBUG) --> File is excluded.
(DEBUG) Check if /home/shohem/Documents/dev/deps/zephyr/kernel/include/timeout_q.h is included (source file)...
(DEBUG) --> File is excluded.
(DEBUG) Check if /home/shohem/Documents/dev/deps/zephyr/include/zephyr/sys/internal/kobject_internal.h is included (source file)...
(DEBUG) --> File is excluded.
(DEBUG) Check if /home/shohem/Documents/dev/deps/zephyr/include/zephyr/spinlock.h is included (source file)...
(DEBUG) --> File is excluded.
(DEBUG) Check if /home/shohem/Documents/dev/deps/zephyr/include/zephyr/arch/posix/arch.h is included (source file)...
(DEBUG) --> File is excluded.
(DEBUG) Check if /home/shohem/Documents/dev/deps/zephyr/include/zephyr/sys/dlist.h is included (source file)...
(DEBUG) --> File is excluded.
(DEBUG) Check if /home/shohem/Documents/dev/zephyr-course/twister-out/native_sim_native/host/homework.unit.ring_buf/zephyr/kernel/CMakeFiles/kernel.dir/spinlock_validate.c.gcda is included (trace)...
(DEBUG)   No filter matched.
(DEBUG) --> File is excluded.
(DEBUG) Check if /home/shohem/Documents/dev/zephyr-course/twister-out/native_sim_native/host/homework.unit.ring_buf/zephyr/kernel/CMakeFiles/kernel.dir/spinlock_validate.c.gcda is included (trace)...
(DEBUG) --> File is excluded.
(DEBUG) Check if spinlock_validate.c##2f9a7a282377debbf4e33bb67ff76edb.gcov.json.gz is included (gcov file)...
(DEBUG)   Filter AlwaysMatchFilter() matched.
(DEBUG) --> File is included.
(DEBUG) Check if /home/shohem/Documents/dev/zephyr-course/app/modules/ring_buf/spinlock_validate.c##2f9a7a282377debbf4e33bb67ff76edb.gcov.json.gz is included (trace)...
(DEBUG)   No filter matched.
(DEBUG) --> File is excluded.
(DEBUG) Check if /home/shohem/Documents/dev/deps/zephyr/kernel/spinlock_validate.c is included (source file)...
(DEBUG)   No filter matched.
(DEBUG) --> File is excluded.
(DEBUG) Check if /home/shohem/Documents/dev/deps/zephyr/arch/posix/include/kernel_arch_func.h is included (source file)...
(DEBUG) --> File is excluded.
(DEBUG) Check if /home/shohem/Documents/dev/zephyr-course/twister-out/native_sim_native/host/homework.unit.ring_buf/zephyr/kernel/CMakeFiles/kernel.dir/stack.c.gcno is included (trace)...
(DEBUG)   No filter matched.
(DEBUG) --> File is excluded.
(DEBUG) Check if /home/shohem/Documents/dev/zephyr-course/twister-out/native_sim_native/host/homework.unit.ring_buf/zephyr/kernel/CMakeFiles/kernel.dir/stack.c.gcno is included (trace)...
(DEBUG) --> File is excluded.
(DEBUG) Check if stack.c##5dd65d0fee870f41d11be61bc207af69.gcov.json.gz is included (gcov file)...
(DEBUG)   Filter AlwaysMatchFilter() matched.
(DEBUG) --> File is included.
(DEBUG) Check if /home/shohem/Documents/dev/zephyr-course/app/modules/ring_buf/stack.c##5dd65d0fee870f41d11be61bc207af69.gcov.json.gz is included (trace)...
(DEBUG)   No filter matched.
(DEBUG) --> File is excluded.
(DEBUG) Check if /home/shohem/Documents/dev/deps/zephyr/kernel/stack.c is included (source file)...
(DEBUG)   No filter matched.
(DEBUG) --> File is excluded.
(DEBUG) Check if /home/shohem/Documents/dev/deps/zephyr/kernel/include/wait_q.h is included (source file)...
(DEBUG) --> File is excluded.
(DEBUG) Check if /home/shohem/Documents/dev/deps/zephyr/kernel/include/ksched.h is included (source file)...
(DEBUG) --> File is excluded.
(DEBUG) Check if /home/shohem/Documents/dev/deps/zephyr/kernel/include/priority_q.h is included (source file)...
(DEBUG) --> File is excluded.
(DEBUG) Check if /home/shohem/Documents/dev/deps/zephyr/kernel/include/kthread.h is included (source file)...
(DEBUG) --> File is excluded.
(DEBUG) Check if /home/shohem/Documents/dev/deps/zephyr/kernel/include/timeout_q.h is included (source file)...
(DEBUG) --> File is excluded.
(DEBUG) Check if /home/shohem/Documents/dev/deps/zephyr/kernel/include/kernel_internal.h is included (source file)...
(DEBUG) --> File is excluded.
(DEBUG) Check if /home/shohem/Documents/dev/deps/zephyr/arch/posix/include/kernel_arch_func.h is included (source file)...
(DEBUG) --> File is excluded.
(DEBUG) Check if /home/shohem/Documents/dev/deps/zephyr/include/zephyr/sys/internal/kobject_internal.h is included (source file)...
(DEBUG) --> File is excluded.
(DEBUG) Check if /home/shohem/Documents/dev/deps/zephyr/include/zephyr/spinlock.h is included (source file)...
(DEBUG) --> File is excluded.
(DEBUG) Check if /home/shohem/Documents/dev/deps/zephyr/include/zephyr/arch/posix/arch.h is included (source file)...
(DEBUG) --> File is excluded.
(DEBUG) Check if /home/shohem/Documents/dev/deps/zephyr/include/zephyr/sys/dlist.h is included (source file)...
(DEBUG) --> File is excluded.
(DEBUG) Check if /home/shohem/Documents/dev/zephyr-course/twister-out/native_sim_native/host/homework.unit.ring_buf/zephyr/kernel/CMakeFiles/kernel.dir/system_work_q.c.gcno is included (trace)...
(DEBUG)   No filter matched.
(DEBUG) --> File is excluded.
(DEBUG) Check if /home/shohem/Documents/dev/zephyr-course/twister-out/native_sim_native/host/homework.unit.ring_buf/zephyr/kernel/CMakeFiles/kernel.dir/system_work_q.c.gcno is included (trace)...
(DEBUG) --> File is excluded.
(DEBUG) Check if system_work_q.c##82e7287cc50b2a98515ea4c06c5a33b5.gcov.json.gz is included (gcov file)...
(DEBUG)   Filter AlwaysMatchFilter() matched.
(DEBUG) --> File is included.
(DEBUG) Check if /home/shohem/Documents/dev/zephyr-course/app/modules/ring_buf/system_work_q.c##82e7287cc50b2a98515ea4c06c5a33b5.gcov.json.gz is included (trace)...
(DEBUG)   No filter matched.
(DEBUG) --> File is excluded.
(DEBUG) Check if /home/shohem/Documents/dev/deps/zephyr/kernel/system_work_q.c is included (source file)...
(DEBUG)   No filter matched.
(DEBUG) --> File is excluded.
(DEBUG) Check if /home/shohem/Documents/dev/zephyr-course/twister-out/native_sim_native/host/homework.unit.ring_buf/zephyr/kernel/CMakeFiles/kernel.dir/thread.c.gcda is included (trace)...
(DEBUG)   No filter matched.
(DEBUG) --> File is excluded.
(DEBUG) Check if /home/shohem/Documents/dev/zephyr-course/twister-out/native_sim_native/host/homework.unit.ring_buf/zephyr/kernel/CMakeFiles/kernel.dir/thread.c.gcda is included (trace)...
(DEBUG) --> File is excluded.
(DEBUG) Check if thread.c##188c512cd92376fe31ac40641e667ece.gcov.json.gz is included (gcov file)...
(DEBUG)   Filter AlwaysMatchFilter() matched.
(DEBUG) --> File is included.
(DEBUG) Check if /home/shohem/Documents/dev/zephyr-course/app/modules/ring_buf/thread.c##188c512cd92376fe31ac40641e667ece.gcov.json.gz is included (trace)...
(DEBUG)   No filter matched.
(DEBUG) --> File is excluded.
(DEBUG) Check if /home/shohem/Documents/dev/deps/zephyr/kernel/thread.c is included (source file)...
(DEBUG)   No filter matched.
(DEBUG) --> File is excluded.
(DEBUG) Check if /home/shohem/Documents/dev/deps/zephyr/include/zephyr/logging/log_msg.h is included (source file)...
(DEBUG) --> File is excluded.
(DEBUG) Check if /home/shohem/Documents/dev/deps/zephyr/kernel/include/wait_q.h is included (source file)...
(DEBUG) --> File is excluded.
(DEBUG) Check if /home/shohem/Documents/dev/deps/zephyr/kernel/include/kthread.h is included (source file)...
(DEBUG) --> File is excluded.
(DEBUG) Check if /home/shohem/Documents/dev/deps/zephyr/kernel/include/timeout_q.h is included (source file)...
(DEBUG) --> File is excluded.
(DEBUG) Check if /home/shohem/Documents/dev/deps/zephyr/arch/posix/include/kernel_arch_func.h is included (source file)...
(DEBUG) --> File is excluded.
(DEBUG) Check if /home/shohem/Documents/dev/zephyr-course/twister-out/native_sim_native/host/homework.unit.ring_buf/zephyr/include/generated/zephyr/syscalls/kernel.h is included (source file)...
(DEBUG) --> File is excluded.
(DEBUG) Check if /home/shohem/Documents/dev/deps/zephyr/include/zephyr/kernel.h is included (source file)...
(DEBUG) --> File is excluded.
(DEBUG) Check if /home/shohem/Documents/dev/deps/zephyr/include/zephyr/kernel/thread_stack.h is included (source file)...
(DEBUG) --> File is excluded.
(DEBUG) Check if /home/shohem/Documents/dev/deps/zephyr/include/zephyr/sys/dlist.h is included (source file)...
(DEBUG) --> File is excluded.
(DEBUG) Check if /home/shohem/Documents/dev/zephyr-course/twister-out/native_sim_native/host/homework.unit.ring_buf/zephyr/kernel/CMakeFiles/kernel.dir/timeout.c.gcda is included (trace)...
(DEBUG)   No filter matched.
(DEBUG) --> File is excluded.
(DEBUG) Check if /home/shohem/Documents/dev/zephyr-course/twister-out/native_sim_native/host/homework.unit.ring_buf/zephyr/kernel/CMakeFiles/kernel.dir/timeout.c.gcda is included (trace)...
(DEBUG) --> File is excluded.
(DEBUG) Check if timeout.c##397f918e63ac93de7addc0a4753581e2.gcov.json.gz is included (gcov file)...
(DEBUG)   Filter AlwaysMatchFilter() matched.
(DEBUG) --> File is included.
(DEBUG) Check if /home/shohem/Documents/dev/zephyr-course/app/modules/ring_buf/timeout.c##397f918e63ac93de7addc0a4753581e2.gcov.json.gz is included (trace)...
(DEBUG)   No filter matched.
(DEBUG) --> File is excluded.
(DEBUG) Check if /home/shohem/Documents/dev/deps/zephyr/kernel/timeout.c is included (source file)...
(DEBUG)   No filter matched.
(DEBUG) --> File is excluded.
(DEBUG) Check if /home/shohem/Documents/dev/deps/zephyr/kernel/include/timeout_q.h is included (source file)...
(DEBUG) --> File is excluded.
(DEBUG) Check if /home/shohem/Documents/dev/deps/zephyr/include/zephyr/spinlock.h is included (source file)...
(DEBUG) --> File is excluded.
(DEBUG) Check if /home/shohem/Documents/dev/deps/zephyr/include/zephyr/arch/posix/arch.h is included (source file)...
(DEBUG) --> File is excluded.
(DEBUG) Check if /home/shohem/Documents/dev/deps/zephyr/include/zephyr/sys/dlist.h is included (source file)...
(DEBUG) --> File is excluded.
(DEBUG) Check if /home/shohem/Documents/dev/zephyr-course/twister-out/native_sim_native/host/homework.unit.ring_buf/zephyr/kernel/CMakeFiles/kernel.dir/timer.c.gcda is included (trace)...
(DEBUG)   No filter matched.
(DEBUG) --> File is excluded.
(DEBUG) Check if /home/shohem/Documents/dev/zephyr-course/twister-out/native_sim_native/host/homework.unit.ring_buf/zephyr/kernel/CMakeFiles/kernel.dir/timer.c.gcda is included (trace)...
(DEBUG) --> File is excluded.
(DEBUG) Check if timer.c##a78a8f809101172e071632803cf447c2.gcov.json.gz is included (gcov file)...
(DEBUG)   Filter AlwaysMatchFilter() matched.
(DEBUG) --> File is included.
(DEBUG) Check if /home/shohem/Documents/dev/zephyr-course/app/modules/ring_buf/timer.c##a78a8f809101172e071632803cf447c2.gcov.json.gz is included (trace)...
(DEBUG)   No filter matched.
(DEBUG) --> File is excluded.
(DEBUG) Check if /home/shohem/Documents/dev/deps/zephyr/kernel/timer.c is included (source file)...
(DEBUG)   No filter matched.
(DEBUG) --> File is excluded.
(DEBUG) Check if /home/shohem/Documents/dev/deps/zephyr/kernel/include/wait_q.h is included (source file)...
(DEBUG) --> File is excluded.
(DEBUG) Check if /home/shohem/Documents/dev/deps/zephyr/kernel/include/ksched.h is included (source file)...
(DEBUG) --> File is excluded.
(DEBUG) Check if /home/shohem/Documents/dev/deps/zephyr/kernel/include/timeout_q.h is included (source file)...
(DEBUG) --> File is excluded.
(DEBUG) Check if /home/shohem/Documents/dev/deps/zephyr/arch/posix/include/kernel_arch_func.h is included (source file)...
(DEBUG) --> File is excluded.
(DEBUG) Check if /home/shohem/Documents/dev/zephyr-course/twister-out/native_sim_native/host/homework.unit.ring_buf/zephyr/include/generated/zephyr/syscalls/kernel.h is included (source file)...
(DEBUG) --> File is excluded.
(DEBUG) Check if /home/shohem/Documents/dev/deps/zephyr/include/zephyr/sys/internal/kobject_internal.h is included (source file)...
(DEBUG) --> File is excluded.
(DEBUG) Check if /home/shohem/Documents/dev/deps/zephyr/include/zephyr/spinlock.h is included (source file)...
(DEBUG) --> File is excluded.
(DEBUG) Check if /home/shohem/Documents/dev/deps/zephyr/include/zephyr/arch/posix/arch.h is included (source file)...
(DEBUG) --> File is excluded.
(DEBUG) Check if /home/shohem/Documents/dev/deps/zephyr/include/zephyr/sys/dlist.h is included (source file)...
(DEBUG) --> File is excluded.
(DEBUG) Check if /home/shohem/Documents/dev/zephyr-course/twister-out/native_sim_native/host/homework.unit.ring_buf/zephyr/kernel/CMakeFiles/kernel.dir/timeslicing.c.gcda is included (trace)...
(DEBUG)   No filter matched.
(DEBUG) --> File is excluded.
(DEBUG) Check if /home/shohem/Documents/dev/zephyr-course/twister-out/native_sim_native/host/homework.unit.ring_buf/zephyr/kernel/CMakeFiles/kernel.dir/timeslicing.c.gcda is included (trace)...
(DEBUG) --> File is excluded.
(DEBUG) Check if timeslicing.c##3fd1ad64189d4953bb6428d9d0c82502.gcov.json.gz is included (gcov file)...
(DEBUG)   Filter AlwaysMatchFilter() matched.
(DEBUG) --> File is included.
(DEBUG) Check if /home/shohem/Documents/dev/zephyr-course/app/modules/ring_buf/timeslicing.c##3fd1ad64189d4953bb6428d9d0c82502.gcov.json.gz is included (trace)...
(DEBUG)   No filter matched.
(DEBUG) --> File is excluded.
(DEBUG) Check if /home/shohem/Documents/dev/deps/zephyr/kernel/timeslicing.c is included (source file)...
(DEBUG)   No filter matched.
(DEBUG) --> File is excluded.
(DEBUG) Check if /home/shohem/Documents/dev/deps/zephyr/kernel/include/ksched.h is included (source file)...
(DEBUG) --> File is excluded.
(DEBUG) Check if /home/shohem/Documents/dev/deps/zephyr/kernel/include/kthread.h is included (source file)...
(DEBUG) --> File is excluded.
(DEBUG) Check if /home/shohem/Documents/dev/deps/zephyr/include/zephyr/spinlock.h is included (source file)...
(DEBUG) --> File is excluded.
(DEBUG) Check if /home/shohem/Documents/dev/deps/zephyr/include/zephyr/arch/posix/arch.h is included (source file)...
(DEBUG) --> File is excluded.
(DEBUG) Check if /home/shohem/Documents/dev/zephyr-course/twister-out/native_sim_native/host/homework.unit.ring_buf/zephyr/kernel/CMakeFiles/kernel.dir/version.c.gcno is included (trace)...
(DEBUG)   No filter matched.
(DEBUG) --> File is excluded.
(DEBUG) Check if /home/shohem/Documents/dev/zephyr-course/twister-out/native_sim_native/host/homework.unit.ring_buf/zephyr/kernel/CMakeFiles/kernel.dir/version.c.gcno is included (trace)...
(DEBUG) --> File is excluded.
(DEBUG) Check if version.c##8a36e659539350ea56ee62d8e28db598.gcov.json.gz is included (gcov file)...
(DEBUG)   Filter AlwaysMatchFilter() matched.
(DEBUG) --> File is included.
(DEBUG) Check if /home/shohem/Documents/dev/zephyr-course/app/modules/ring_buf/version.c##8a36e659539350ea56ee62d8e28db598.gcov.json.gz is included (trace)...
(DEBUG)   No filter matched.
(DEBUG) --> File is excluded.
(DEBUG) Check if /home/shohem/Documents/dev/deps/zephyr/kernel/version.c is included (source file)...
(DEBUG)   No filter matched.
(DEBUG) --> File is excluded.
(DEBUG) Check if /home/shohem/Documents/dev/zephyr-course/twister-out/native_sim_native/host/homework.unit.ring_buf/zephyr/kernel/CMakeFiles/kernel.dir/work.c.gcno is included (trace)...
(DEBUG)   No filter matched.
(DEBUG) --> File is excluded.
(DEBUG) Check if /home/shohem/Documents/dev/zephyr-course/twister-out/native_sim_native/host/homework.unit.ring_buf/zephyr/kernel/CMakeFiles/kernel.dir/work.c.gcno is included (trace)...
(DEBUG) --> File is excluded.
(DEBUG) Check if work.c##516335b9c565cd8969552ee94c11d347.gcov.json.gz is included (gcov file)...
(DEBUG)   Filter AlwaysMatchFilter() matched.
(DEBUG) --> File is included.
(DEBUG) Check if /home/shohem/Documents/dev/zephyr-course/app/modules/ring_buf/work.c##516335b9c565cd8969552ee94c11d347.gcov.json.gz is included (trace)...
(DEBUG)   No filter matched.
(DEBUG) --> File is excluded.
(DEBUG) Check if /home/shohem/Documents/dev/deps/zephyr/kernel/work.c is included (source file)...
(DEBUG)   No filter matched.
(DEBUG) --> File is excluded.
(DEBUG) Check if /home/shohem/Documents/dev/deps/zephyr/kernel/include/ksched.h is included (source file)...
(DEBUG) --> File is excluded.
(DEBUG) Check if /home/shohem/Documents/dev/deps/zephyr/kernel/include/wait_q.h is included (source file)...
(DEBUG) --> File is excluded.
(DEBUG) Check if /home/shohem/Documents/dev/deps/zephyr/kernel/include/timeout_q.h is included (source file)...
(DEBUG) --> File is excluded.
(DEBUG) Check if /home/shohem/Documents/dev/zephyr-course/twister-out/native_sim_native/host/homework.unit.ring_buf/zephyr/include/generated/zephyr/syscalls/kernel.h is included (source file)...
(DEBUG) --> File is excluded.
(DEBUG) Check if /home/shohem/Documents/dev/deps/zephyr/include/zephyr/kernel.h is included (source file)...
(DEBUG) --> File is excluded.
(DEBUG) Check if /home/shohem/Documents/dev/deps/zephyr/include/zephyr/spinlock.h is included (source file)...
(DEBUG) --> File is excluded.
(DEBUG) Check if /home/shohem/Documents/dev/deps/zephyr/include/zephyr/arch/posix/arch.h is included (source file)...
(DEBUG) --> File is excluded.
(DEBUG) Check if /home/shohem/Documents/dev/deps/zephyr/include/zephyr/sys/slist.h is included (source file)...
(DEBUG) --> File is excluded.
(DEBUG) Check if /home/shohem/Documents/dev/deps/zephyr/include/zephyr/sys/dlist.h is included (source file)...
(DEBUG) --> File is excluded.
(DEBUG) Check if /home/shohem/Documents/dev/zephyr-course/twister-out/native_sim_native/host/homework.unit.ring_buf/zephyr/soc/soc/native/CMakeFiles/soc__native__inf_clock.dir/native_remap.c.gcda is included (trace)...
(DEBUG)   No filter matched.
(DEBUG) --> File is excluded.
(DEBUG) Check if /home/shohem/Documents/dev/zephyr-course/twister-out/native_sim_native/host/homework.unit.ring_buf/zephyr/soc/soc/native/CMakeFiles/soc__native__inf_clock.dir/native_remap.c.gcda is included (trace)...
(DEBUG) --> File is excluded.
(DEBUG) Check if native_remap.c##77ab133738ef7569690b468cc9a3f8b1.gcov.json.gz is included (gcov file)...
(DEBUG)   Filter AlwaysMatchFilter() matched.
(DEBUG) --> File is included.
(DEBUG) Check if /home/shohem/Documents/dev/zephyr-course/app/modules/ring_buf/native_remap.c##77ab133738ef7569690b468cc9a3f8b1.gcov.json.gz is included (trace)...
(DEBUG)   No filter matched.
(DEBUG) --> File is excluded.
(DEBUG) Check if /home/shohem/Documents/dev/deps/zephyr/soc/native/inf_clock/native_remap.c is included (source file)...
(DEBUG)   No filter matched.
(DEBUG) --> File is excluded.
(DEBUG) Check if /home/shohem/Documents/dev/zephyr-course/twister-out/native_sim_native/host/homework.unit.ring_buf/zephyr/soc/soc/native/CMakeFiles/soc__native__inf_clock.dir/native_tasks.c.gcda is included (trace)...
(DEBUG)   No filter matched.
(DEBUG) --> File is excluded.
(DEBUG) Check if /home/shohem/Documents/dev/zephyr-course/twister-out/native_sim_native/host/homework.unit.ring_buf/zephyr/soc/soc/native/CMakeFiles/soc__native__inf_clock.dir/native_tasks.c.gcda is included (trace)...
(DEBUG) --> File is excluded.
(DEBUG) Check if native_tasks.c##62710a7d65c59df586956674b7c0f520.gcov.json.gz is included (gcov file)...
(DEBUG)   Filter AlwaysMatchFilter() matched.
(DEBUG) --> File is included.
(DEBUG) Check if /home/shohem/Documents/dev/zephyr-course/app/modules/ring_buf/native_tasks.c##62710a7d65c59df586956674b7c0f520.gcov.json.gz is included (trace)...
(DEBUG)   No filter matched.
(DEBUG) --> File is excluded.
(DEBUG) Check if /home/shohem/Documents/dev/deps/zephyr/soc/native/inf_clock/native_tasks.c is included (source file)...
(DEBUG)   No filter matched.
(DEBUG) --> File is excluded.
(DEBUG) Check if /home/shohem/Documents/dev/zephyr-course/twister-out/native_sim_native/host/homework.unit.ring_buf/zephyr/soc/soc/native/CMakeFiles/soc__native__inf_clock.dir/soc.c.gcda is included (trace)...
(DEBUG)   No filter matched.
(DEBUG) --> File is excluded.
(DEBUG) Check if /home/shohem/Documents/dev/zephyr-course/twister-out/native_sim_native/host/homework.unit.ring_buf/zephyr/soc/soc/native/CMakeFiles/soc__native__inf_clock.dir/soc.c.gcda is included (trace)...
(DEBUG) --> File is excluded.
(DEBUG) Check if soc.c##5d3973be481bc95b049d011b168280c4.gcov.json.gz is included (gcov file)...
(DEBUG)   Filter AlwaysMatchFilter() matched.
(DEBUG) --> File is included.
(DEBUG) Check if /home/shohem/Documents/dev/zephyr-course/app/modules/ring_buf/soc.c##5d3973be481bc95b049d011b168280c4.gcov.json.gz is included (trace)...
(DEBUG)   No filter matched.
(DEBUG) --> File is excluded.
(DEBUG) Check if /home/shohem/Documents/dev/deps/zephyr/soc/native/inf_clock/soc.c is included (source file)...
(DEBUG)   No filter matched.
(DEBUG) --> File is excluded.
(DEBUG) Check if /home/shohem/Documents/dev/zephyr-course/twister-out/native_sim_native/host/homework.unit.ring_buf/zephyr/subsys/random/CMakeFiles/subsys__random.dir/random_test_csprng.c.gcda is included (trace)...
(DEBUG)   No filter matched.
(DEBUG) --> File is excluded.
(DEBUG) Check if /home/shohem/Documents/dev/zephyr-course/twister-out/native_sim_native/host/homework.unit.ring_buf/zephyr/subsys/random/CMakeFiles/subsys__random.dir/random_test_csprng.c.gcda is included (trace)...
(DEBUG) --> File is excluded.
(DEBUG) Check if random_test_csprng.c##e7f3a7d19741a514eefd2476f487312f.gcov.json.gz is included (gcov file)...
(DEBUG)   Filter AlwaysMatchFilter() matched.
(DEBUG) --> File is included.
(DEBUG) Check if /home/shohem/Documents/dev/zephyr-course/app/modules/ring_buf/random_test_csprng.c##e7f3a7d19741a514eefd2476f487312f.gcov.json.gz is included (trace)...
(DEBUG)   No filter matched.
(DEBUG) --> File is excluded.
(DEBUG) Check if /home/shohem/Documents/dev/deps/zephyr/subsys/random/random_test_csprng.c is included (source file)...
(DEBUG)   No filter matched.
(DEBUG) --> File is excluded.
(DEBUG) Check if /home/shohem/Documents/dev/zephyr-course/twister-out/native_sim_native/host/homework.unit.ring_buf/zephyr/include/generated/zephyr/syscalls/random.h is included (source file)...
(DEBUG)   No filter matched.
(DEBUG) --> File is excluded.
(DEBUG) Check if /home/shohem/Documents/dev/zephyr-course/twister-out/native_sim_native/host/homework.unit.ring_buf/zephyr/subsys/random/CMakeFiles/subsys__random.dir/random_timer.c.gcda is included (trace)...
(DEBUG)   No filter matched.
(DEBUG) --> File is excluded.
(DEBUG) Check if /home/shohem/Documents/dev/zephyr-course/twister-out/native_sim_native/host/homework.unit.ring_buf/zephyr/subsys/random/CMakeFiles/subsys__random.dir/random_timer.c.gcda is included (trace)...
(DEBUG) --> File is excluded.
(DEBUG) Check if random_timer.c##14ae6b866bfc4b1c6c829db95a6ce0f5.gcov.json.gz is included (gcov file)...
(DEBUG)   Filter AlwaysMatchFilter() matched.
(DEBUG) --> File is included.
(DEBUG) Check if /home/shohem/Documents/dev/zephyr-course/app/modules/ring_buf/random_timer.c##14ae6b866bfc4b1c6c829db95a6ce0f5.gcov.json.gz is included (trace)...
(DEBUG)   No filter matched.
(DEBUG) --> File is excluded.
(DEBUG) Check if /home/shohem/Documents/dev/deps/zephyr/subsys/random/random_timer.c is included (source file)...
(DEBUG)   No filter matched.
(DEBUG) --> File is excluded.
(DEBUG) Check if /home/shohem/Documents/dev/deps/zephyr/include/zephyr/kernel.h is included (source file)...
(DEBUG) --> File is excluded.
(DEBUG) Check if /home/shohem/Documents/dev/deps/zephyr/include/zephyr/spinlock.h is included (source file)...
(DEBUG) --> File is excluded.
(DEBUG) Check if /home/shohem/Documents/dev/deps/zephyr/include/zephyr/arch/posix/arch.h is included (source file)...
(DEBUG) --> File is excluded.
(DEBUG) Check if /home/shohem/Documents/dev/zephyr-course/twister-out/native_sim_native/host/homework.unit.ring_buf/zephyr/subsys/testsuite/ztest/CMakeFiles/subsys__testsuite__ztest.dir/src/ztest.c.gcda is included (trace)...
(DEBUG)   No filter matched.
(DEBUG) --> File is excluded.
(DEBUG) Check if /home/shohem/Documents/dev/zephyr-course/twister-out/native_sim_native/host/homework.unit.ring_buf/zephyr/subsys/testsuite/ztest/CMakeFiles/subsys__testsuite__ztest.dir/src/ztest.c.gcda is included (trace)...
(DEBUG) --> File is excluded.
(DEBUG) Check if ztest.c##1c80d3b9bf7db2af96ab3ce3095b1d38.gcov.json.gz is included (gcov file)...
(DEBUG)   Filter AlwaysMatchFilter() matched.
(DEBUG) --> File is included.
(DEBUG) Check if /home/shohem/Documents/dev/zephyr-course/app/modules/ring_buf/ztest.c##1c80d3b9bf7db2af96ab3ce3095b1d38.gcov.json.gz is included (trace)...
(DEBUG)   No filter matched.
(DEBUG) --> File is excluded.
(DEBUG) Check if /home/shohem/Documents/dev/deps/zephyr/subsys/testsuite/ztest/src/ztest.c is included (source file)...
(DEBUG)   No filter matched.
(DEBUG) --> File is excluded.
(DEBUG) Check if /home/shohem/Documents/dev/zephyr-course/twister-out/native_sim_native/host/homework.unit.ring_buf/zephyr/include/generated/zephyr/syscalls/random.h is included (source file)...
(DEBUG) --> File is excluded.
(DEBUG) Check if /home/shohem/Documents/dev/deps/zephyr/include/zephyr/random/random.h is included (source file)...
(DEBUG)   No filter matched.
(DEBUG) --> File is excluded.
(DEBUG) Check if /home/shohem/Documents/dev/zephyr-course/twister-out/native_sim_native/host/homework.unit.ring_buf/zephyr/include/generated/zephyr/syscalls/ztest_test.h is included (source file)...
(DEBUG)   No filter matched.
(DEBUG) --> File is excluded.
(DEBUG) Check if /home/shohem/Documents/dev/zephyr-course/twister-out/native_sim_native/host/homework.unit.ring_buf/zephyr/include/generated/zephyr/syscalls/log_ctrl.h is included (source file)...
(DEBUG) --> File is excluded.
(DEBUG) Check if /home/shohem/Documents/dev/deps/zephyr/include/zephyr/logging/log_ctrl.h is included (source file)...
(DEBUG)   No filter matched.
(DEBUG) --> File is excluded.
(DEBUG) Check if /home/shohem/Documents/dev/deps/zephyr/subsys/testsuite/include/zephyr/tc_util.h is included (source file)...
(DEBUG)   No filter matched.
(DEBUG) --> File is excluded.
(DEBUG) Check if /home/shohem/Documents/dev/zephyr-course/twister-out/native_sim_native/host/homework.unit.ring_buf/zephyr/include/generated/zephyr/syscalls/kernel.h is included (source file)...
(DEBUG) --> File is excluded.
(DEBUG) Check if /home/shohem/Documents/dev/deps/zephyr/include/zephyr/kernel.h is included (source file)...
(DEBUG) --> File is excluded.
(DEBUG) Check if /home/shohem/Documents/dev/zephyr-course/twister-out/native_sim_native/host/homework.unit.ring_buf/zephyr/include/generated/zephyr/syscalls/kobject.h is included (source file)...
(DEBUG)   No filter matched.
(DEBUG) --> File is excluded.
(DEBUG) Check if /home/shohem/Documents/dev/deps/zephyr/include/zephyr/sys/kobject.h is included (source file)...
(DEBUG)   No filter matched.
(DEBUG) --> File is excluded.
(DEBUG) Check if /home/shohem/Documents/dev/deps/zephyr/include/zephyr/arch/posix/arch.h is included (source file)...
(DEBUG) --> File is excluded.
(DEBUG) Check if /home/shohem/Documents/dev/zephyr-course/twister-out/native_sim_native/host/homework.unit.ring_buf/zephyr/subsys/testsuite/ztest/CMakeFiles/subsys__testsuite__ztest.dir/src/ztest_error_hook.c.gcno is included (trace)...
(DEBUG)   No filter matched.
(DEBUG) --> File is excluded.
(DEBUG) Check if /home/shohem/Documents/dev/zephyr-course/twister-out/native_sim_native/host/homework.unit.ring_buf/zephyr/subsys/testsuite/ztest/CMakeFiles/subsys__testsuite__ztest.dir/src/ztest_error_hook.c.gcno is included (trace)...
(DEBUG) --> File is excluded.
(DEBUG) Check if ztest_error_hook.c##987be22aa8c9e9795251b34886014482.gcov.json.gz is included (gcov file)...
(DEBUG)   Filter AlwaysMatchFilter() matched.
(DEBUG) --> File is included.
(DEBUG) Check if /home/shohem/Documents/dev/zephyr-course/app/modules/ring_buf/ztest_error_hook.c##987be22aa8c9e9795251b34886014482.gcov.json.gz is included (trace)...
(DEBUG)   No filter matched.
(DEBUG) --> File is excluded.
(DEBUG) Check if /home/shohem/Documents/dev/zephyr-course/twister-out/native_sim_native/host/homework.unit.ring_buf/zephyr/subsys/testsuite/ztest/CMakeFiles/subsys__testsuite__ztest.dir/src/ztest_posix.c.gcda is included (trace)...
(DEBUG)   No filter matched.
(DEBUG) --> File is excluded.
(DEBUG) Check if /home/shohem/Documents/dev/zephyr-course/twister-out/native_sim_native/host/homework.unit.ring_buf/zephyr/subsys/testsuite/ztest/CMakeFiles/subsys__testsuite__ztest.dir/src/ztest_posix.c.gcda is included (trace)...
(DEBUG) --> File is excluded.
(DEBUG) Check if ztest_posix.c##2cef29f921017fc880de000a11924442.gcov.json.gz is included (gcov file)...
(DEBUG)   Filter AlwaysMatchFilter() matched.
(DEBUG) --> File is included.
(DEBUG) Check if /home/shohem/Documents/dev/zephyr-course/app/modules/ring_buf/ztest_posix.c##2cef29f921017fc880de000a11924442.gcov.json.gz is included (trace)...
(DEBUG)   No filter matched.
(DEBUG) --> File is excluded.
(DEBUG) Check if /home/shohem/Documents/dev/deps/zephyr/subsys/testsuite/ztest/src/ztest_posix.c is included (source file)...
(DEBUG)   No filter matched.
(DEBUG) --> File is excluded.
(DEBUG) Check if /home/shohem/Documents/dev/zephyr-course/twister-out/native_sim_native/host/homework.unit.ring_buf/zephyr/include/generated/zephyr/syscalls/ztest_test.h is included (source file)...
(DEBUG) --> File is excluded.
(DEBUG) Check if /home/shohem/Documents/dev/zephyr-course/twister-out/native_sim_native/host/homework.unit.ring_buf/zephyr/subsys/testsuite/ztest/CMakeFiles/subsys__testsuite__ztest.dir/src/ztest_rules.c.gcno is included (trace)...
(DEBUG)   No filter matched.
(DEBUG) --> File is excluded.
(DEBUG) Check if /home/shohem/Documents/dev/zephyr-course/twister-out/native_sim_native/host/homework.unit.ring_buf/zephyr/subsys/testsuite/ztest/CMakeFiles/subsys__testsuite__ztest.dir/src/ztest_rules.c.gcno is included (trace)...
(DEBUG) --> File is excluded.
(DEBUG) Check if ztest_rules.c##a096666e5ff4f26ef48d00bbf149938d.gcov.json.gz is included (gcov file)...
(DEBUG)   Filter AlwaysMatchFilter() matched.
(DEBUG) --> File is included.
(DEBUG) Check if /home/shohem/Documents/dev/zephyr-course/app/modules/ring_buf/ztest_rules.c##a096666e5ff4f26ef48d00bbf149938d.gcov.json.gz is included (trace)...
(DEBUG)   No filter matched.
(DEBUG) --> File is excluded.
(WARNING) All coverage data is filtered out. Please check your paths and filters.
(INFO) Writing coverage report...
Running: gcovr -r /home/shohem/Documents/dev/zephyr-course/app/modules/ring_buf -v --merge-mode-functions=separate --html /home/shohem/Documents/dev/zephyr-course/twister-out/coverage/index.html --html-details --add-tracefile /home/shohem/Documents/dev/zephyr-course/twister-out/coverage.json --add-tracefile /home/shohem/Documents/dev/zephyr-course/twister-out/ztest.json --json-summary-pretty --json-summary /home/shohem/Documents/dev/zephyr-course/twister-out/coverage_summary.json
(DEBUG) gcovr version 8.6
(DEBUG) File system is case sensitive.
(DEBUG) Filters for --filter: (1)
(DEBUG)  - DirectoryPrefixFilter(/home/shohem/Documents/dev/zephyr\-course/app/modules/ring_buf/)
(DEBUG) Filters for --exclude: (0)
(DEBUG) Filters for --include: (0)
(DEBUG) Filters for --gcov-filter: (1)
(DEBUG)  - AlwaysMatchFilter()
(DEBUG) Filters for --gcov-exclude: (0)
(DEBUG) Filters for --exclude-directory: (0)
(DEBUG) Filters for --trace-include: (0)
(DEBUG) Filters for --trace-exclude: (0)
(DEBUG) Patterns for --exclude-function: (0)
(DEBUG) Patterns for --exclude-lines-by-pattern: (0)
(DEBUG) Patterns for --exclude-branches-by-pattern: (0)
(INFO) Reading coverage data...
(DEBUG) Check if /home/shohem/Documents/dev/zephyr-course/twister-out/coverage.json is included (trace)...
(DEBUG)   No filter matched.
(DEBUG) --> File is excluded.
(DEBUG) Check if /home/shohem/Documents/dev/zephyr-course/app/modules/ring_buf/src/ring_buf.c is included (source file)...
(DEBUG)   Filter DirectoryPrefixFilter(/home/shohem/Documents/dev/zephyr\-course/app/modules/ring_buf/) matched for path /home/shohem/Documents/dev/zephyr-course/app/modules/ring_buf/src/ring_buf.c.
(DEBUG) --> File is included.
(DEBUG) Check if /home/shohem/Documents/dev/zephyr-course/twister-out/ztest.json is included (trace)...
(DEBUG)   No filter matched.
(DEBUG) --> File is excluded.
(INFO) Writing coverage report...
(DEBUG) Common prefix path is '/home/shohem/Documents/dev/zephyr-course/app/modules/ring_buf/src'.
(DEBUG) Common relative prefix path is 'app/modules/ring_buf/src/'.
(DEBUG) Common prefix path is '/home/shohem/Documents/dev/zephyr-course/app/modules/ring_buf/src'.
(DEBUG) Common relative prefix path is 'app/modules/ring_buf/src/'.
